ID_ANO,FECHA_ DE_ LA_ DENUNCIA,EDAD_ DE_ LA_ VICTIMA,UNIDAD_DE_MEDIDA_DE_LA_EDAD_DE_LA_VICTIMA,SEXO_ DE_ LA_ VICTIMA,AREA_ DE_ RESIDENCIA_ DE_ LA_ VICTIMA,BARRIO_ DE_ LA_ VICTIMA,SEGURIDAD_ SOCIAL_ DE_ LA_ VICTIMA,ESTRATO_SOCIECONOMICO_ DE_ LA_ VICTIMA,ORIENTACION_ SEXUAL_ DE _LA_ VICTIMA,IDENTIDAD_ DE_ GENERO_ DE_ LA_ VICTIMA,CONSUMO_ DE_ SPA_ DE_ LA_ VICTIMA,VICTIMA_ CON_ JEFATURA_ DE_ HOGAR,ANTECEDENTES_ DE_ VIOLENCIA,PRESENCIA _DE_ ALCOHOL_ U_ OTRAS_ SUSTANCIAS,SEXO_ DEL_ AGRESOR,RELACION_ CON_ LA_ VICTIMA,CONVIVE_ CON_ EL_ AGRESOR,RELACION_ NO_ FAMILIAR,MECANISMO_ UTILIZADO_ PARA_ LA_ AGRESION,FECHA_ DEL_ HECHO,ESCENARIO,AMBITO_ O_ LUGAR
"2,020",01/02/2020 12:00:00 AM,11,AÑOS,MASCULINO,CABECERA MUNICIPAL,COLINAS DE SUE,CONTRIBUTIVO,3,HETEROSEXUAL,MASCULINO,NO,NO,NO,SI,MASCULINO,PAREJA,SI,NO,CONTUNDENTE,01/01/2020 12:00:00 AM,OTRO,OTROS AMBITOS
"2,020",01/04/2020 12:00:00 AM,20,AÑOS,FEMENINO,CABECERA MUNICIPAL,SANTA LUCIA,SUBSIDIADO,2,HETEROSEXUAL,FEMENINO,NO,NO,NO,NO,MASCULINO,EX PAREJA,NO,NO,CONTUNDENTE,01/02/2020 12:00:00 AM,VÍA PUBLICA,OTROS AMBITOS
"2,020",01/04/2020 12:00:00 AM,22,AÑOS,FEMENINO,RURAL DISPERSO,LA CABAÑA,SUBSIDIADO,2,HETEROSEXUAL,FEMENINO,NO,NO,SI,NO,MASCULINO,PAREJA,SI,NO,CONTUNDENTE,01/04/2020 12:00:00 AM,VIVIENDA,HOGAR
"2,020",01/04/2020 12:00:00 AM,29,AÑOS,FEMENINO,CABECERA MUNICIPAL,LAS NIEVES,SUBSIDIADO,1,HETEROSEXUAL,FEMENINO,NO,NO,NO,NO,MASCULINO,PAREJA,SI,NO,AHORCAMIENTO,09/20/2019 12:00:00 AM,OTROS ESPACIOS ABIERTOS,OTROS AMBITOS
"2,020",01/06/2020 12:00:00 AM,27,AÑOS,FEMENINO,CABECERA MUNICIPAL,EL CURUBAL,CONTRIBUTIVO,2,HETEROSEXUAL,FEMENINO,NO,NO,SI,NO,MASCULINO,PAREJA,SI,NO,CONTUNDENTE,01/06/2020 12:00:00 AM,VIVIENDA,HOGAR
"2,020",01/08/2020 12:00:00 AM,18,AÑOS,FEMENINO,CABECERA MUNICIPAL,JORDAN,CONTRIBUTIVO,2,HETEROSEXUAL,FEMENINO,NO,NO,NO,NO,MASCULINO,EX PAREJA,NO,NO,AHORCAMIENTO,07/05/2019 12:00:00 AM,VIVIENDA,HOGAR
"2,020",01/09/2020 12:00:00 AM,2,AÑOS,FEMENINO,CABECERA MUNICIPAL,EL CURUBAL,CONTRIBUTIVO,2,HETEROSEXUAL,FEMENINO,NO,NO,NO,NO,FEMENINO,MADRE,SI,NO,CONTUNDENTE,01/09/2020 12:00:00 AM,VIVIENDA,HOGAR
"2,020",01/10/2020 12:00:00 AM,26,AÑOS,FEMENINO,CABECERA MUNICIPAL,LIBERTADOR,SUBSIDIADO,2,HETEROSEXUAL,FEMENINO,NO,NO,NO,NO,FEMENINO,NINGUNO,SI,JEFE,OTROS MECANISMOS,01/09/2020 12:00:00 AM,VIVIENDA,HOGAR
"2,020",01/10/2020 12:00:00 AM,31,AÑOS,FEMENINO,CABECERA MUNICIPAL,LIBERTADOR,SUBSIDIADO,2,HETEROSEXUAL,FEMENINO,NO,NO,NO,NO,FEMENINO,MADRE,SI,NO,OTROS MECANISMOS,01/09/2020 12:00:00 AM,VIVIENDA,HOGAR
"2,020",01/11/2020 12:00:00 AM,40,AÑOS,FEMENINO,CABECERA MUNICIPAL,20 DE JULIO,SUBSIDIADO,1,HETEROSEXUAL,FEMENINO,NO,NO,NO,SI,MASCULINO,FAMILIAR,NO,NO,AHORCAMIENTO,12/27/2019 12:00:00 AM,VIVIENDA,HOGAR
"2,020",01/11/2020 12:00:00 AM,16,AÑOS,MASCULINO,CABECERA MUNICIPAL,LOS MUISCAS,SUBSIDIADO,2,HETEROSEXUAL,MASCULINO,NO,NO,SI,NO,FEMENINO,FAMILIAR,NO,NO,CONTUNDENTE,01/11/2020 12:00:00 AM,VÍA PUBLICA,COMUNITARIO
"2,020",01/11/2020 12:00:00 AM,11,AÑOS,FEMENINO,CABECERA MUNICIPAL,SANTA LUCIA,SUBSIDIADO,1,HETEROSEXUAL,FEMENINO,NO,NO,SI,NO,MASCULINO,FAMILIAR,NO,NO,AHORCAMIENTO,01/09/2020 12:00:00 AM,VIVIENDA,HOGAR
"2,020",01/11/2020 12:00:00 AM,16,AÑOS,FEMENINO,CABECERA MUNICIPAL,JORDAN,SUBSIDIADO,1,HETEROSEXUAL,FEMENINO,NO,NO,NO,NO,MASCULINO,NINGUNO,NO,VECINO(A),OTROS MECANISMOS,09/01/2019 12:00:00 AM,VIVIENDA,HOGAR
"2,020",01/11/2020 12:00:00 AM,25,AÑOS,FEMENINO,CABECERA MUNICIPAL,SANTA MARTHA,SUBSIDIADO,1,HETEROSEXUAL,FEMENINO,NO,NO,NO,NO,MASCULINO,PAREJA,SI,NO,CONTUNDENTE,01/11/2020 12:00:00 AM,VIVIENDA,HOGAR
"2,020",01/13/2020 12:00:00 AM,35,AÑOS,FEMENINO,CABECERA MUNICIPAL,LOS COJINES,CONTRIBUTIVO,1,HETEROSEXUAL,FEMENINO,NO,NO,NO,NO,MASCULINO,FAMILIAR,NO,NO,CONTUNDENTE,01/01/2020 12:00:00 AM,VÍA PUBLICA,COMUNITARIO
"2,020",01/13/2020 12:00:00 AM,45,AÑOS,FEMENINO,CABECERA MUNICIPAL,EL TRIUNFO,CONTRIBUTIVO,3,HETEROSEXUAL,FEMENINO,NO,NO,NO,NO,MASCULINO,FAMILIAR,NO,NO,CONTUNDENTE,01/09/2020 12:00:00 AM,VIVIENDA,HOGAR
"2,020",01/16/2020 12:00:00 AM,60,AÑOS,FEMENINO,CABECERA MUNICIPAL,LA FUENTE,SUBSIDIADO,2,HETEROSEXUAL,FEMENINO,NO,NO,NO,NO,MASCULINO,FAMILIAR,NO,NO,CAIDAS,01/15/2020 12:00:00 AM,VÍA PUBLICA,OTROS AMBITOS
"2,020",01/16/2020 12:00:00 AM,23,AÑOS,FEMENINO,CABECERA MUNICIPAL,20 DE JULIO,CONTRIBUTIVO,1,HETEROSEXUAL,FEMENINO,NO,NO,SI,NO,MASCULINO,PAREJA,SI,NO,CONTUNDENTE,01/16/2020 12:00:00 AM,VIVIENDA,HOGAR
"2,020",01/17/2020 12:00:00 AM,16,AÑOS,FEMENINO,CABECERA MUNICIPAL,ANTONIA SANTOS,SUBSIDIADO,2,HETEROSEXUAL,FEMENINO,NO,NO,NO,NO,MASCULINO,EX PAREJA,NO,NO,CONTUNDENTE,01/02/2020 12:00:00 AM,ESTABLECIMIENTO EDUCATIVO,LABORAL
"2,020",01/18/2020 12:00:00 AM,23,AÑOS,FEMENINO,CABECERA MUNICIPAL,EL CARMEN,SUBSIDIADO,2,HETEROSEXUAL,FEMENINO,NO,NO,SI,NO,MASCULINO,EX PAREJA,NO,NO,CONTUNDENTE,01/17/2020 12:00:00 AM,VIVIENDA,HOGAR
"2,020",01/19/2020 12:00:00 AM,34,AÑOS,FEMENINO,CABECERA MUNICIPAL,JORDAN,SUBSIDIADO,2,HETEROSEXUAL,FEMENINO,NO,NO,NO,NO,MASCULINO,NINGUNO,NO,OTRO,CONTUNDENTE,01/19/2020 12:00:00 AM,VÍA PUBLICA,COMUNITARIO
"2,020",01/20/2020 12:00:00 AM,24,AÑOS,FEMENINO,CABECERA MUNICIPAL,BACHUE,CONTRIBUTIVO,2,HETEROSEXUAL,FEMENINO,NO,NO,NO,NO,MASCULINO,FAMILIAR,SI,NO,CONTUNDENTE,01/19/2020 12:00:00 AM,VIVIENDA,HOGAR
"2,020",01/20/2020 12:00:00 AM,19,AÑOS,FEMENINO,CABECERA MUNICIPAL,COEDUCADORES,CONTRIBUTIVO,3,HETEROSEXUAL,FEMENINO,NO,NO,NO,NO,MASCULINO,PAREJA,SI,NO,AHORCAMIENTO,01/19/2020 12:00:00 AM,OTRO,COMUNITARIO
"2,020",01/21/2020 12:00:00 AM,18,AÑOS,FEMENINO,CABECERA MUNICIPAL,SANTA ANA,SUBSIDIADO,2,HETEROSEXUAL,FEMENINO,NO,NO,SI,SI,MASCULINO,PAREJA,SI,NO,CONTUNDENTE,01/21/2020 12:00:00 AM,VIVIENDA,HOGAR
"2,020",01/22/2020 12:00:00 AM,21,AÑOS,FEMENINO,CABECERA MUNICIPAL,ANTONIA SANTOS,SUBSIDIADO,2,HOMOSEXUAL,FEMENINO,NO,SI,NO,NO,MASCULINO,NINGUNO,NO,AMIGO(A),CONTUNDENTE,12/06/2019 12:00:00 AM,VIVIENDA,HOGAR
"2,020",01/22/2020 12:00:00 AM,32,AÑOS,FEMENINO,RURAL DISPERSO,LA ESMERALDA,CONTRIBUTIVO,4,HETEROSEXUAL,FEMENINO,NO,NO,NO,NO,MASCULINO,PAREJA,SI,NO,CONTUNDENTE,01/07/2020 12:00:00 AM,VIVIENDA,HOGAR
"2,020",01/23/2020 12:00:00 AM,37,AÑOS,FEMENINO,CABECERA MUNICIPAL,ANTONIA SANTOS,CONTRIBUTIVO,3,HETEROSEXUAL,FEMENINO,NO,NO,NO,NO,FEMENINO,NINGUNO,NO,CONOCIDO(A) SIN NINGUN TRATO,CONTUNDENTE,01/23/2020 12:00:00 AM,LUGAR DE TRABAJO,COMUNITARIO
"2,020",01/24/2020 12:00:00 AM,34,AÑOS,FEMENINO,CABECERA MUNICIPAL,PARAISO,CONTRIBUTIVO,2,HETEROSEXUAL,FEMENINO,NO,NO,NO,NO,MASCULINO,NINGUNO,NO,DESCONOCIDO,CONTUNDENTE,08/18/2019 12:00:00 AM,OTROS ESPACIOS ABIERTOS,OTROS AMBITOS
"2,020",01/24/2020 12:00:00 AM,43,AÑOS,FEMENINO,CABECERA MUNICIPAL,JORDAN,CONTRIBUTIVO,3,HETEROSEXUAL,FEMENINO,NO,NO,SI,SI,MASCULINO,PAREJA,SI,NO,CONTUNDENTE,01/23/2020 12:00:00 AM,VIVIENDA,HOGAR
"2,020",01/25/2020 12:00:00 AM,26,AÑOS,MASCULINO,CABECERA MUNICIPAL,VILLA CRISTAL,CONTRIBUTIVO,3,HETEROSEXUAL,MASCULINO,NO,NO,NO,NO,FEMENINO,PAREJA,SI,NO,CORTANTE,01/25/2020 12:00:00 AM,VIVIENDA,HOGAR
"2,020",01/25/2020 12:00:00 AM,35,AÑOS,FEMENINO,CABECERA MUNICIPAL,20 DE JULIO,SUBSIDIADO,2,HETEROSEXUAL,FEMENINO,NO,NO,NO,NO,MASCULINO,PAREJA,SI,NO,CONTUNDENTE,01/01/2020 12:00:00 AM,VIVIENDA,HOGAR
"2,020",01/26/2020 12:00:00 AM,21,AÑOS,FEMENINO,RURAL DISPERSO,LA LAJITA,SUBSIDIADO,2,HETEROSEXUAL,FEMENINO,NO,NO,NO,NO,MASCULINO,EX PAREJA,NO,NO,CONTUNDENTE,01/26/2020 12:00:00 AM,VIVIENDA,HOGAR
"2,020",01/29/2020 12:00:00 AM,35,AÑOS,FEMENINO,CABECERA MUNICIPAL,LAS NIEVES,CONTRIBUTIVO,2,HETEROSEXUAL,FEMENINO,NO,NO,SI,SI,MASCULINO,PAREJA,SI,NO,CONTUNDENTE,01/29/2020 12:00:00 AM,VIVIENDA,HOGAR
"2,020",01/29/2020 12:00:00 AM,14,AÑOS,FEMENINO,CABECERA MUNICIPAL,LIBERTADOR,SUBSIDIADO,6,HETEROSEXUAL,FEMENINO,NO,NO,NO,NO,MASCULINO,PAREJA,SI,NO,CONTUNDENTE,01/28/2020 12:00:00 AM,VIVIENDA,HOGAR
"2,020",01/29/2020 12:00:00 AM,15,AÑOS,MASCULINO,CABECERA MUNICIPAL,ASIS BOYACENSE,SUBSIDIADO,3,HETEROSEXUAL,MASCULINO,NO,SI,SI,SI,MASCULINO,PAREJA,SI,NO,CONTUNDENTE,01/25/2020 12:00:00 AM,VIVIENDA,HOGAR
"2,020",01/31/2020 12:00:00 AM,21,AÑOS,FEMENINO,CABECERA MUNICIPAL,LA GRANJA,SUBSIDIADO,3,HETEROSEXUAL,FEMENINO,NO,NO,NO,NO,MASCULINO,EX PAREJA,NO,NO,CONTUNDENTE,01/31/2020 12:00:00 AM,VIVIENDA,HOGAR
"2,020",02/04/2020 12:00:00 AM,49,AÑOS,MASCULINO,CABECERA MUNICIPAL,LAS QUINTAS,CONTRIBUTIVO,4,HETEROSEXUAL,MASCULINO,NO,NO,SI,NO,MASCULINO,FAMILIAR,NO,NO,CONTUNDENTE,02/02/2020 12:00:00 AM,VIVIENDA,HOGAR
"2,020",02/04/2020 12:00:00 AM,44,AÑOS,FEMENINO,CABECERA MUNICIPAL,VILLA CRISTAL,SUBSIDIADO,2,HETEROSEXUAL,FEMENINO,NO,NO,NO,NO,MASCULINO,NINGUNO,NO,OTRO,CORTANTE,02/04/2020 12:00:00 AM,VÍA PUBLICA,COMUNITARIO
"2,020",02/05/2020 12:00:00 AM,21,AÑOS,FEMENINO,CABECERA MUNICIPAL,SAN CARLOS,NO ASEGURADO,1,HETEROSEXUAL,FEMENINO,NO,NO,NO,NO,MASCULINO,NINGUNO,NO,DESCONOCIDO,CONTUNDENTE,02/05/2020 12:00:00 AM,VÍA PUBLICA,OTROS AMBITOS
"2,020",02/06/2020 12:00:00 AM,14,AÑOS,FEMENINO,CABECERA MUNICIPAL,CONCEPCION,SUBSIDIADO,2,HETEROSEXUAL,FEMENINO,NO,NO,NO,NO,MASCULINO,PAREJA,SI,NO,CONTUNDENTE,10/15/2019 12:00:00 AM,OTRO,COMUNITARIO
"2,020",02/07/2020 12:00:00 AM,17,AÑOS,FEMENINO,CABECERA MUNICIPAL,LOS CRISTALES,INDETERMINADO O PENDIENTE,3,BISEXUAL,FEMENINO,SI,NO,NO,NO,MASCULINO,EX PAREJA,NO,NO,CONTUNDENTE,02/07/2020 12:00:00 AM,ESTABLECIMIENTO EDUCATIVO,COMUNITARIO
"2,020",02/07/2020 12:00:00 AM,13,AÑOS,FEMENINO,CABECERA MUNICIPAL,SAN FRANCISCO,CONTRIBUTIVO,2,HOMOSEXUAL,FEMENINO,NO,NO,NO,NO,FEMENINO,NINGUNO,NO,COMPAÑERO(A) DE ESTUDIO,CONTUNDENTE,02/07/2020 12:00:00 AM,VÍA PUBLICA,ESCOLAR
"2,020",02/07/2020 12:00:00 AM,16,AÑOS,MASCULINO,CABECERA MUNICIPAL,EL DORADO,SUBSIDIADO,2,HETEROSEXUAL,MASCULINO,NO,NO,NO,NO,MASCULINO,NINGUNO,NO,AMIGO(A),OTROS MECANISMOS,02/07/2020 12:00:00 AM,VIVIENDA,HOGAR
"2,020",02/08/2020 12:00:00 AM,6,AÑOS,MASCULINO,CABECERA MUNICIPAL,ESTANCIA EL ROBLE,CONTRIBUTIVO,3,HETEROSEXUAL,MASCULINO,NO,NO,NO,NO,MASCULINO,NINGUNO,NO,DESCONOCIDO,OTROS MECANISMOS,02/03/2020 12:00:00 AM,VIVIENDA,HOGAR
"2,020",02/09/2020 12:00:00 AM,25,AÑOS,MASCULINO,CABECERA MUNICIPAL,HUNZA,SUBSIDIADO,2,HETEROSEXUAL,MASCULINO,NO,NO,NO,NO,MASCULINO,NINGUNO,NO,AMIGO(A),CONTUNDENTE,02/09/2020 12:00:00 AM,VIVIENDA,HOGAR
"2,020",02/09/2020 12:00:00 AM,33,AÑOS,FEMENINO,CABECERA MUNICIPAL,SANTA CATALINA,CONTRIBUTIVO,2,HETEROSEXUAL,FEMENINO,NO,NO,NO,SI,MASCULINO,PAREJA,SI,NO,CONTUNDENTE,02/09/2020 12:00:00 AM,VIVIENDA,HOGAR
"2,020",02/09/2020 12:00:00 AM,37,AÑOS,FEMENINO,CABECERA MUNICIPAL,CIUDAD JARDIN,SUBSIDIADO,1,HETEROSEXUAL,FEMENINO,NO,NO,NO,SI,MASCULINO,PAREJA,SI,NO,CONTUNDENTE,02/09/2020 12:00:00 AM,VIVIENDA,HOGAR
"2,020",02/10/2020 12:00:00 AM,10,AÑOS,FEMENINO,CABECERA MUNICIPAL,LA ESMERALDA,CONTRIBUTIVO,4,HETEROSEXUAL,FEMENINO,NO,NO,NO,NO,MASCULINO,FAMILIAR,NO,NO,CONTUNDENTE,05/01/2019 12:00:00 AM,VIVIENDA,HOGAR
"2,020",02/10/2020 12:00:00 AM,21,AÑOS,FEMENINO,CABECERA MUNICIPAL,JORDAN,SUBSIDIADO,1,HETEROSEXUAL,FEMENINO,NO,NO,NO,NO,FEMENINO,MADRE,SI,NO,CONTUNDENTE,02/10/2020 12:00:00 AM,VIVIENDA,HOGAR
"2,020",02/10/2020 12:00:00 AM,37,AÑOS,MASCULINO,CABECERA MUNICIPAL,CIUDAD JARDIN,SUBSIDIADO,1,HETEROSEXUAL,MASCULINO,NO,NO,NO,SI,FEMENINO,PAREJA,SI,NO,CONTUNDENTE,02/09/2020 12:00:00 AM,VIVIENDA,HOGAR
"2,020",02/11/2020 12:00:00 AM,4,AÑOS,FEMENINO,CABECERA MUNICIPAL,LIBERTADOR,SUBSIDIADO,3,HETEROSEXUAL,FEMENINO,NO,NO,NO,NO,MASCULINO,FAMILIAR,NO,NO,CONTUNDENTE,02/11/2020 12:00:00 AM,OTRO,OTROS AMBITOS
"2,020",02/12/2020 12:00:00 AM,24,AÑOS,FEMENINO,CABECERA MUNICIPAL,LIBERTADOR,SUBSIDIADO,2,HETEROSEXUAL,FEMENINO,NO,SI,SI,NO,MASCULINO,PAREJA,SI,NO,CONTUNDENTE,02/11/2020 12:00:00 AM,VIVIENDA,HOGAR
"2,020",02/14/2020 12:00:00 AM,1,AÑOS,FEMENINO,CABECERA MUNICIPAL,DOÑA EVA,NO ASEGURADO,1,HETEROSEXUAL,FEMENINO,NO,NO,NO,NO,INTERSEXUAL,NINGUNO,NO,DESCONOCIDO,OTROS MECANISMOS,02/09/2020 12:00:00 AM,OTRO,OTROS AMBITOS
"2,020",02/15/2020 12:00:00 AM,36,AÑOS,FEMENINO,CABECERA MUNICIPAL,EL TOPO,SUBSIDIADO,3,HETEROSEXUAL,FEMENINO,NO,NO,SI,NO,MASCULINO,EX PAREJA,NO,NO,CONTUNDENTE,02/07/2020 12:00:00 AM,VIVIENDA,HOGAR
"2,020",02/15/2020 12:00:00 AM,12,AÑOS,FEMENINO,RURAL DISPERSO,RUNTA,SUBSIDIADO,2,HETEROSEXUAL,FEMENINO,NO,NO,NO,NO,MASCULINO,NINGUNO,NO,DESCONOCIDO,CONTUNDENTE,02/14/2020 12:00:00 AM,OTROS ESPACIOS ABIERTOS,OTROS AMBITOS
"2,020",02/17/2020 12:00:00 AM,36,AÑOS,FEMENINO,CABECERA MUNICIPAL,EL BOSQUE,CONTRIBUTIVO,3,HETEROSEXUAL,FEMENINO,NO,NO,NO,SI,MASCULINO,NINGUNO,NO,DESCONOCIDO,CONTUNDENTE,02/16/2020 12:00:00 AM,VÍA PUBLICA,COMUNITARIO
"2,020",02/18/2020 12:00:00 AM,18,AÑOS,FEMENINO,CABECERA MUNICIPAL,LA FUENTE,CONTRIBUTIVO,2,HOMOSEXUAL,FEMENINO,NO,NO,NO,SI,MASCULINO,NINGUNO,NO,COMPAÑERO(A) DE ESTUDIO,OTROS MECANISMOS,02/14/2020 12:00:00 AM,VIVIENDA,HOGAR
"2,020",02/18/2020 12:00:00 AM,48,AÑOS,FEMENINO,CABECERA MUNICIPAL,POPULAR,CONTRIBUTIVO,3,HETEROSEXUAL,FEMENINO,NO,NO,NO,NO,MASCULINO,PAREJA,SI,NO,OTROS MECANISMOS,10/18/2019 12:00:00 AM,VIVIENDA,HOGAR
"2,020",02/19/2020 12:00:00 AM,19,AÑOS,FEMENINO,CABECERA MUNICIPAL,AQUIMIN,CONTRIBUTIVO,3,HETEROSEXUAL,FEMENINO,NO,NO,NO,NO,MASCULINO,NINGUNO,NO,COMPAÑERO(A) DE ESTUDIO,OTROS MECANISMOS,02/19/2020 12:00:00 AM,ESTABLECIMIENTO EDUCATIVO,ESCOLAR
"2,020",02/22/2020 12:00:00 AM,18,AÑOS,MASCULINO,RURAL DISPERSO,TRAS DEL ALTO,SUBSIDIADO,2,HETEROSEXUAL,MASCULINO,NO,NO,NO,NO,MASCULINO,FAMILIAR,NO,NO,CONTUNDENTE,02/22/2020 12:00:00 AM,VÍA PUBLICA,COMUNITARIO
"2,020",02/22/2020 12:00:00 AM,28,AÑOS,FEMENINO,CABECERA MUNICIPAL,FUENTE HIGUERAS,CONTRIBUTIVO,3,HETEROSEXUAL,FEMENINO,NO,NO,SI,NO,MASCULINO,PAREJA,SI,NO,CONTUNDENTE,02/22/2020 12:00:00 AM,VIVIENDA,HOGAR
"2,020",02/22/2020 12:00:00 AM,30,AÑOS,FEMENINO,CABECERA MUNICIPAL,CIUDAD JARDIN,SUBSIDIADO,2,HETEROSEXUAL,FEMENINO,NO,NO,NO,NO,MASCULINO,PAREJA,SI,NO,AHORCAMIENTO,02/22/2020 12:00:00 AM,VIVIENDA,HOGAR
"2,020",02/23/2020 12:00:00 AM,24,AÑOS,FEMENINO,CABECERA MUNICIPAL,DOÑA EVA,CONTRIBUTIVO,2,HETEROSEXUAL,FEMENINO,NO,SI,NO,NO,MASCULINO,NINGUNO,NO,OTRO,CONTUNDENTE,02/23/2020 12:00:00 AM,VIVIENDA,HOGAR
"2,020",02/24/2020 12:00:00 AM,18,AÑOS,MASCULINO,CABECERA MUNICIPAL,TRINIDAD,CONTRIBUTIVO,2,HETEROSEXUAL,MASCULINO,NO,NO,SI,NO,FEMENINO,MADRE,SI,NO,CONTUNDENTE,02/09/2020 12:00:00 AM,VIVIENDA,HOGAR
"2,020",02/26/2020 12:00:00 AM,13,AÑOS,FEMENINO,CABECERA MUNICIPAL,SURINAMA,SUBSIDIADO,3,HETEROSEXUAL,FEMENINO,NO,NO,NO,NO,MASCULINO,NINGUNO,NO,COMPAÑERO(A) DE ESTUDIO,CONTUNDENTE,02/24/2020 12:00:00 AM,VIVIENDA,HOGAR
"2,020",02/27/2020 12:00:00 AM,34,AÑOS,FEMENINO,CABECERA MUNICIPAL,ASIS BOYACENSE,SUBSIDIADO,3,HETEROSEXUAL,FEMENINO,NO,NO,NO,NO,MASCULINO,EX PAREJA,NO,NO,CONTUNDENTE,02/27/2020 12:00:00 AM,VÍA PUBLICA,COMUNITARIO
"2,020",02/27/2020 12:00:00 AM,33,AÑOS,FEMENINO,CABECERA MUNICIPAL,LA FUENTE,SUBSIDIADO,2,HETEROSEXUAL,FEMENINO,NO,SI,SI,NO,MASCULINO,PAREJA,SI,NO,CONTUNDENTE,02/27/2020 12:00:00 AM,VIVIENDA,HOGAR
"2,020",02/28/2020 12:00:00 AM,41,AÑOS,FEMENINO,CABECERA MUNICIPAL,SAN FRANCISCO,SUBSIDIADO,2,HETEROSEXUAL,FEMENINO,NO,NO,NO,NO,MASCULINO,PAREJA,SI,NO,CONTUNDENTE,02/27/2020 12:00:00 AM,VIVIENDA,HOGAR
"2,020",02/29/2020 12:00:00 AM,22,AÑOS,FEMENINO,CABECERA MUNICIPAL,VIRACACHA,SUBSIDIADO,1,HETEROSEXUAL,FEMENINO,NO,NO,NO,NO,MASCULINO,NINGUNO,NO,CONOCIDO(A) SIN NINGUN TRATO,CONTUNDENTE,02/22/2020 12:00:00 AM,VÍA PUBLICA,COMUNITARIO
"2,020",02/29/2020 12:00:00 AM,33,AÑOS,FEMENINO,CABECERA MUNICIPAL,KENEDY,CONTRIBUTIVO,1,HOMOSEXUAL,FEMENINO,NO,NO,NO,NO,MASCULINO,PAREJA,SI,NO,AHORCAMIENTO,02/26/2020 12:00:00 AM,VIVIENDA,HOGAR
"2,020",03/02/2020 12:00:00 AM,26,AÑOS,FEMENINO,CABECERA MUNICIPAL,EL TOPO,SUBSIDIADO,3,HETEROSEXUAL,FEMENINO,NO,NO,NO,NO,MASCULINO,PAREJA,SI,NO,CONTUNDENTE,03/02/2020 12:00:00 AM,VIVIENDA,HOGAR
"2,020",03/03/2020 12:00:00 AM,9,AÑOS,MASCULINO,CABECERA MUNICIPAL,EL CARMEN,SUBSIDIADO,2,HETEROSEXUAL,MASCULINO,NO,NO,NO,NO,FEMENINO,MADRE,SI,NO,CONTUNDENTE,03/03/2020 12:00:00 AM,VIVIENDA,HOGAR
"2,020",03/04/2020 12:00:00 AM,19,AÑOS,FEMENINO,CABECERA MUNICIPAL,PARAISO,CONTRIBUTIVO,3,HETEROSEXUAL,FEMENINO,NO,NO,SI,NO,MASCULINO,FAMILIAR,NO,NO,CONTUNDENTE,03/04/2020 12:00:00 AM,VÍA PUBLICA,COMUNITARIO
"2,020",03/04/2020 12:00:00 AM,8,AÑOS,FEMENINO,CABECERA MUNICIPAL,BELLO HORIZONTE,SUBSIDIADO,2,HETEROSEXUAL,FEMENINO,NO,NO,NO,NO,MASCULINO,FAMILIAR,NO,NO,CONTUNDENTE,03/04/2020 12:00:00 AM,VIVIENDA,HOGAR
"2,020",03/04/2020 12:00:00 AM,13,AÑOS,FEMENINO,CABECERA MUNICIPAL,SAN RAFAEL,CONTRIBUTIVO,3,HETEROSEXUAL,FEMENINO,NO,NO,SI,NO,MASCULINO,PAREJA,SI,NO,AHORCAMIENTO,02/02/2020 12:00:00 AM,OTRO,OTROS AMBITOS
"2,020",03/06/2020 12:00:00 AM,28,AÑOS,FEMENINO,CABECERA MUNICIPAL,EL CARMEN,SUBSIDIADO,3,HETEROSEXUAL,FEMENINO,NO,NO,NO,NO,MASCULINO,EX PAREJA,NO,NO,CONTUNDENTE,03/06/2020 12:00:00 AM,VÍA PUBLICA,COMUNITARIO
"2,020",03/06/2020 12:00:00 AM,29,AÑOS,FEMENINO,CABECERA MUNICIPAL,PILA DE MONO,CONTRIBUTIVO,2,HETEROSEXUAL,FEMENINO,NO,NO,NO,NO,MASCULINO,FAMILIAR,SI,NO,CONTUNDENTE,03/06/2020 12:00:00 AM,VIVIENDA,HOGAR
"2,020",03/06/2020 12:00:00 AM,31,AÑOS,FEMENINO,CABECERA MUNICIPAL,DOÑA EVA,CONTRIBUTIVO,2,HETEROSEXUAL,FEMENINO,NO,SI,SI,SI,MASCULINO,PAREJA,SI,NO,CONTUNDENTE,03/05/2020 12:00:00 AM,VIVIENDA,HOGAR
"2,020",03/08/2020 12:00:00 AM,33,AÑOS,FEMENINO,CABECERA MUNICIPAL,LIBERTADOR,CONTRIBUTIVO,1,HETEROSEXUAL,FEMENINO,NO,NO,SI,SI,MASCULINO,PAREJA,SI,NO,CONTUNDENTE,03/08/2020 12:00:00 AM,VIVIENDA,HOGAR
"2,020",03/09/2020 12:00:00 AM,15,AÑOS,FEMENINO,CABECERA MUNICIPAL,SAN FRANCISCO,CONTRIBUTIVO,2,HETEROSEXUAL,FEMENINO,NO,NO,NO,NO,MASCULINO,NINGUNO,NO,DESCONOCIDO,CONTUNDENTE,01/01/2016 12:00:00 AM,OTRO,OTROS AMBITOS
"2,020",03/10/2020 12:00:00 AM,14,AÑOS,FEMENINO,CABECERA MUNICIPAL,EL TOPO,SUBSIDIADO,2,HETEROSEXUAL,FEMENINO,NO,NO,NO,NO,FEMENINO,NINGUNO,NO,CONOCIDO(A) SIN NINGUN TRATO,CONTUNDENTE,03/10/2020 12:00:00 AM,VÍA PUBLICA,COMUNITARIO
"2,020",03/10/2020 12:00:00 AM,27,AÑOS,FEMENINO,CABECERA MUNICIPAL,LAS NIEVES,CONTRIBUTIVO,3,HETEROSEXUAL,FEMENINO,NO,NO,NO,NO,FEMENINO,NINGUNO,NO,CONOCIDO(A) SIN NINGUN TRATO,CONTUNDENTE,01/25/2020 12:00:00 AM,OTRO,OTROS AMBITOS
"2,020",03/10/2020 12:00:00 AM,19,AÑOS,FEMENINO,CABECERA MUNICIPAL,SAN FRANCISCO,SUBSIDIADO,1,HETEROSEXUAL,FEMENINO,NO,SI,SI,NO,MASCULINO,PAREJA,SI,NO,CONTUNDENTE,03/10/2020 12:00:00 AM,VIVIENDA,HOGAR
"2,020",03/10/2020 12:00:00 AM,48,AÑOS,FEMENINO,CABECERA MUNICIPAL,MIRADOR ESCANDINAVO,CONTRIBUTIVO,3,HETEROSEXUAL,FEMENINO,NO,NO,SI,NO,MASCULINO,PAREJA,SI,NO,CONTUNDENTE,02/19/2020 12:00:00 AM,VIVIENDA,HOGAR
"2,020",03/10/2020 12:00:00 AM,37,AÑOS,FEMENINO,CABECERA MUNICIPAL,VILLA LUZ,SUBSIDIADO,2,HETEROSEXUAL,FEMENINO,NO,NO,SI,NO,MASCULINO,PAREJA,SI,NO,AHORCAMIENTO,01/19/2020 12:00:00 AM,VIVIENDA,HOGAR
"2,020",03/10/2020 12:00:00 AM,6,AÑOS,MASCULINO,RURAL DISPERSO,TRAS DEL ALTO,SUBSIDIADO,2,HETEROSEXUAL,MASCULINO,NO,NO,NO,NO,MASCULINO,PAREJA,SI,NO,CONTUNDENTE,01/24/2020 12:00:00 AM,VIVIENDA,HOGAR
"2,020",03/13/2020 12:00:00 AM,28,AÑOS,FEMENINO,CABECERA MUNICIPAL,EL CARMEN,SUBSIDIADO,1,HETEROSEXUAL,FEMENINO,NO,NO,NO,NO,MASCULINO,PAREJA,SI,NO,CONTUNDENTE,03/13/2020 12:00:00 AM,VÍA PUBLICA,COMUNITARIO
"2,020",03/15/2020 12:00:00 AM,32,AÑOS,FEMENINO,CABECERA MUNICIPAL,EL TOPO,CONTRIBUTIVO,2,HETEROSEXUAL,FEMENINO,NO,NO,NO,NO,MASCULINO,EX PAREJA,NO,NO,CONTUNDENTE,03/15/2020 12:00:00 AM,VIVIENDA,HOGAR
"2,020",03/15/2020 12:00:00 AM,24,AÑOS,FEMENINO,CABECERA MUNICIPAL,JORGE ELIECER GAITAN,CONTRIBUTIVO,3,HETEROSEXUAL,FEMENINO,NO,NO,NO,SI,FEMENINO,NINGUNO,NO,AMIGO(A),CONTUNDENTE,03/15/2020 12:00:00 AM,VÍA PUBLICA,OTROS AMBITOS
"2,020",03/15/2020 12:00:00 AM,30,AÑOS,MASCULINO,CABECERA MUNICIPAL,LA GRANJA,SUBSIDIADO,2,HETEROSEXUAL,FEMENINO,NO,NO,NO,SI,MASCULINO,PAREJA,SI,NO,CONTUNDENTE,03/14/2020 12:00:00 AM,VIVIENDA,HOGAR
"2,020",03/15/2020 12:00:00 AM,12,AÑOS,MASCULINO,CABECERA MUNICIPAL,EL TOPO,SUBSIDIADO,2,HETEROSEXUAL,MASCULINO,NO,NO,NO,NO,MASCULINO,PAREJA,SI,NO,CONTUNDENTE,03/15/2020 12:00:00 AM,VIVIENDA,HOGAR
"2,020",03/16/2020 12:00:00 AM,35,AÑOS,FEMENINO,CABECERA MUNICIPAL,VILLA DE NORTE,CONTRIBUTIVO,2,HETEROSEXUAL,FEMENINO,NO,NO,NO,NO,MASCULINO,EX PAREJA,NO,NO,CONTUNDENTE,01/13/2020 12:00:00 AM,VIVIENDA,HOGAR
"2,020",03/16/2020 12:00:00 AM,10,AÑOS,FEMENINO,CABECERA MUNICIPAL,LA FLORIDA,CONTRIBUTIVO,3,HETEROSEXUAL,FEMENINO,NO,NO,SI,NO,MASCULINO,NINGUNO,NO,VECINO(A),CONTUNDENTE,11/13/2019 12:00:00 AM,VIVIENDA,HOGAR
"2,020",03/17/2020 12:00:00 AM,24,AÑOS,FEMENINO,CABECERA MUNICIPAL,LIBERTADOR,SUBSIDIADO,2,HETEROSEXUAL,FEMENINO,NO,NO,NO,NO,MASCULINO,NINGUNO,NO,CONOCIDO(A) SIN NINGUN TRATO,CONTUNDENTE,03/15/2020 12:00:00 AM,VÍA PUBLICA,COMUNITARIO
"2,020",03/19/2020 12:00:00 AM,6,AÑOS,MASCULINO,CABECERA MUNICIPAL,AVENIDA CIRCUNVALAR,SUBSIDIADO,2,HETEROSEXUAL,MASCULINO,NO,NO,NO,NO,MASCULINO,NINGUNO,NO,DESCONOCIDO,CONTUNDENTE,03/17/2020 12:00:00 AM,OTRO,INSTITUCIONAL
"2,020",03/19/2020 12:00:00 AM,13,AÑOS,MASCULINO,CABECERA MUNICIPAL,AVENIDA CIRCUNVALAR,SUBSIDIADO,2,HETEROSEXUAL,MASCULINO,NO,NO,NO,NO,MASCULINO,NINGUNO,NO,DESCONOCIDO,CONTUNDENTE,03/17/2020 12:00:00 AM,OTRO,INSTITUCIONAL
"2,020",03/23/2020 12:00:00 AM,3,AÑOS,FEMENINO,CABECERA MUNICIPAL,OBRERO,SUBSIDIADO,2,HETEROSEXUAL,FEMENINO,NO,NO,NO,NO,MASCULINO,FAMILIAR,SI,NO,CONTUNDENTE,03/23/2020 12:00:00 AM,VIVIENDA,HOGAR
"2,020",03/23/2020 12:00:00 AM,28,AÑOS,FEMENINO,CABECERA MUNICIPAL,OBRERO,SUBSIDIADO,2,HETEROSEXUAL,FEMENINO,NO,NO,SI,NO,MASCULINO,PAREJA,SI,NO,CONTUNDENTE,03/23/2020 12:00:00 AM,VIVIENDA,HOGAR
"2,020",03/23/2020 12:00:00 AM,22,AÑOS,FEMENINO,CABECERA MUNICIPAL,CIUDAD JARDIN,SUBSIDIADO,2,HETEROSEXUAL,FEMENINO,SI,NO,SI,NO,MASCULINO,PAREJA,SI,NO,CONTUNDENTE,03/23/2020 12:00:00 AM,VIVIENDA,HOGAR
"2,020",03/26/2020 12:00:00 AM,25,AÑOS,FEMENINO,CABECERA MUNICIPAL,ALTAMIRA,SUBSIDIADO,2,HETEROSEXUAL,FEMENINO,NO,NO,SI,SI,FEMENINO,NINGUNO,NO,DESCONOCIDO,OTROS MECANISMOS,03/26/2020 12:00:00 AM,VIVIENDA,HOGAR
"2,020",03/29/2020 12:00:00 AM,43,AÑOS,FEMENINO,CABECERA MUNICIPAL,LOS COJINES,SUBSIDIADO,1,HETEROSEXUAL,FEMENINO,NO,SI,SI,SI,MASCULINO,PAREJA,SI,NO,CONTUNDENTE,03/29/2020 12:00:00 AM,VIVIENDA,HOGAR
"2,020",03/30/2020 12:00:00 AM,33,AÑOS,FEMENINO,CABECERA MUNICIPAL,MALDONADO,ESPECIAL,2,HETEROSEXUAL,FEMENINO,NO,NO,SI,NO,MASCULINO,PAREJA,SI,NO,CONTUNDENTE,03/29/2020 12:00:00 AM,VIVIENDA,HOGAR
"2,020",03/31/2020 12:00:00 AM,29,AÑOS,FEMENINO,CABECERA MUNICIPAL,SANTA MARTHA,CONTRIBUTIVO,3,HETEROSEXUAL,FEMENINO,NO,SI,SI,NO,MASCULINO,EX PAREJA,NO,NO,CONTUNDENTE,03/31/2020 12:00:00 AM,VÍA PUBLICA,COMUNITARIO
"2,020",03/31/2020 12:00:00 AM,34,AÑOS,MASCULINO,CABECERA MUNICIPAL,MALDONADO,ESPECIAL,2,HETEROSEXUAL,MASCULINO,NO,SI,SI,NO,FEMENINO,PAREJA,SI,NO,CONTUNDENTE,03/29/2020 12:00:00 AM,ESTABLECIMIENTO EDUCATIVO,COMUNITARIO
"2,020",03/31/2020 12:00:00 AM,2,AÑOS,MASCULINO,RURAL DISPERSO,PIRGUA,SUBSIDIADO,1,HETEROSEXUAL,MASCULINO,NO,NO,SI,NO,MASCULINO,PAREJA,SI,NO,AHORCAMIENTO,03/31/2020 12:00:00 AM,VIVIENDA,HOGAR
"2,020",04/03/2020 12:00:00 AM,18,AÑOS,MASCULINO,CABECERA MUNICIPAL,ANTONIA SANTOS,SUBSIDIADO,2,HETEROSEXUAL,MASCULINO,NO,NO,NO,NO,MASCULINO,PAREJA,SI,NO,CONTUNDENTE,04/03/2020 12:00:00 AM,VIVIENDA,HOGAR
"2,020",04/05/2020 12:00:00 AM,31,AÑOS,FEMENINO,CABECERA MUNICIPAL,ANTONIA SANTOS,SUBSIDIADO,1,HETEROSEXUAL,FEMENINO,NO,NO,SI,NO,MASCULINO,PAREJA,SI,NO,CONTUNDENTE,04/05/2020 12:00:00 AM,VIVIENDA,HOGAR
"2,020",04/08/2020 12:00:00 AM,26,AÑOS,FEMENINO,CABECERA MUNICIPAL,DOÑA EVA,CONTRIBUTIVO,2,HETEROSEXUAL,FEMENINO,NO,NO,SI,NO,MASCULINO,PAREJA,SI,NO,CONTUNDENTE,04/07/2020 12:00:00 AM,VIVIENDA,HOGAR
"2,020",04/09/2020 12:00:00 AM,15,AÑOS,MASCULINO,CABECERA MUNICIPAL,JORDAN,CONTRIBUTIVO,2,HETEROSEXUAL,MASCULINO,NO,NO,SI,NO,MASCULINO,PAREJA,SI,NO,CONTUNDENTE,01/24/2020 12:00:00 AM,VIVIENDA,HOGAR
"2,020",04/11/2020 12:00:00 AM,46,AÑOS,FEMENINO,CABECERA MUNICIPAL,EL  DORADO,SUBSIDIADO,2,HETEROSEXUAL,FEMENINO,NO,SI,SI,NO,MASCULINO,FAMILIAR,NO,NO,AHORCAMIENTO,04/04/2020 12:00:00 AM,VIVIENDA,HOGAR
"2,020",04/11/2020 12:00:00 AM,49,AÑOS,FEMENINO,CABECERA MUNICIPAL,BELLO HORIZONTE,SUBSIDIADO,1,HETEROSEXUAL,FEMENINO,NO,NO,NO,NO,MASCULINO,PAREJA,SI,NO,CONTUNDENTE,02/16/2020 12:00:00 AM,VIVIENDA,HOGAR
"2,020",04/13/2020 12:00:00 AM,11,AÑOS,FEMENINO,CABECERA MUNICIPAL,JORGE ELIECER GAITAN,SUBSIDIADO,4,HETEROSEXUAL,FEMENINO,NO,NO,NO,NO,FEMENINO,MADRE,SI,NO,CONTUNDENTE,04/13/2020 12:00:00 AM,OTROS ESPACIOS,COMUNITARIO
"2,020",04/15/2020 12:00:00 AM,28,AÑOS,MASCULINO,CABECERA MUNICIPAL,EL CURUBAL,CONTRIBUTIVO,3,HETEROSEXUAL,FEMENINO,NO,NO,SI,NO,MASCULINO,PAREJA,SI,NO,AHORCAMIENTO,04/14/2020 12:00:00 AM,VIVIENDA,HOGAR
"2,020",04/16/2020 12:00:00 AM,30,AÑOS,FEMENINO,RURAL DISPERSO,TRAS DEL ALTO,NO ASEGURADO,2,HETEROSEXUAL,FEMENINO,NO,NO,SI,NO,MASCULINO,FAMILIAR,SI,NO,CONTUNDENTE,04/15/2020 12:00:00 AM,VÍA PUBLICA,COMUNITARIO
"2,020",04/18/2020 12:00:00 AM,25,AÑOS,FEMENINO,CABECERA MUNICIPAL,JORGE ELIECER GAITAN,NO ASEGURADO,2,HETEROSEXUAL,FEMENINO,NO,NO,NO,NO,MASCULINO,EX PAREJA,NO,NO,CONTUNDENTE,04/18/2020 12:00:00 AM,VÍA PUBLICA,OTROS AMBITOS
"2,020",04/18/2020 12:00:00 AM,28,AÑOS,FEMENINO,CABECERA MUNICIPAL,SAN CARLOS,CONTRIBUTIVO,3,HETEROSEXUAL,FEMENINO,NO,NO,NO,NO,MASCULINO,PAREJA,SI,NO,AHORCAMIENTO,04/18/2020 12:00:00 AM,VIVIENDA,HOGAR
"2,020",04/18/2020 12:00:00 AM,17,AÑOS,FEMENINO,CABECERA MUNICIPAL,LIBERTADOR,SUBSIDIADO,1,HETEROSEXUAL,FEMENINO,NO,NO,NO,NO,MASCULINO,PAREJA,SI,NO,CONTUNDENTE,04/18/2020 12:00:00 AM,VIVIENDA,HOGAR
"2,020",04/20/2020 12:00:00 AM,19,AÑOS,FEMENINO,CABECERA MUNICIPAL,JORDAN,CONTRIBUTIVO,2,HETEROSEXUAL,FEMENINO,NO,NO,NO,NO,MASCULINO,EX PAREJA,NO,NO,CONTUNDENTE,04/19/2020 12:00:00 AM,VIVIENDA,HOGAR
"2,020",04/20/2020 12:00:00 AM,31,AÑOS,FEMENINO,CABECERA MUNICIPAL,CIUDAD JARDIN,NO ASEGURADO,1,HETEROSEXUAL,FEMENINO,NO,SI,SI,NO,MASCULINO,PAREJA,SI,NO,CONTUNDENTE,04/20/2020 12:00:00 AM,VIVIENDA,HOGAR
"2,020",04/21/2020 12:00:00 AM,29,AÑOS,MASCULINO,CABECERA MUNICIPAL,EL MILAGRO,SUBSIDIADO,1,HETEROSEXUAL,FEMENINO,NO,NO,NO,NO,MASCULINO,FAMILIAR,NO,NO,CONTUNDENTE,04/17/2020 12:00:00 AM,VIVIENDA,HOGAR
"2,020",04/21/2020 12:00:00 AM,33,AÑOS,FEMENINO,CABECERA MUNICIPAL,PRADOS DE ALCALA,EXCEPTUADO,2,HETEROSEXUAL,FEMENINO,NO,NO,SI,NO,MASCULINO,PAREJA,SI,NO,OTROS MECANISMOS,04/18/2020 12:00:00 AM,VIVIENDA,HOGAR
"2,020",04/24/2020 12:00:00 AM,27,AÑOS,FEMENINO,CABECERA MUNICIPAL,ANTONIA SANTOS,CONTRIBUTIVO,2,HETEROSEXUAL,FEMENINO,SI,NO,NO,SI,MASCULINO,EX PAREJA,SI,NO,AHORCAMIENTO,02/01/2020 12:00:00 AM,VIVIENDA,HOGAR
"2,020",04/24/2020 12:00:00 AM,6,AÑOS,FEMENINO,CABECERA MUNICIPAL,COLINAS DE SAN FERNANDO,EXCEPTUADO,2,HETEROSEXUAL,FEMENINO,NO,NO,NO,NO,MASCULINO,FAMILIAR,SI,NO,AHORCAMIENTO,03/01/2020 12:00:00 AM,VIVIENDA,HOGAR
"2,020",04/26/2020 12:00:00 AM,52,AÑOS,FEMENINO,CABECERA MUNICIPAL,JORGE ELIECER GAITAN,CONTRIBUTIVO,2,HETEROSEXUAL,FEMENINO,NO,NO,NO,NO,MASCULINO,FAMILIAR,NO,NO,CONTUNDENTE,04/26/2020 12:00:00 AM,VIVIENDA,HOGAR
"2,020",04/26/2020 12:00:00 AM,29,AÑOS,FEMENINO,CABECERA MUNICIPAL,COLINAS DE SAN FERNANDO,CONTRIBUTIVO,2,HETEROSEXUAL,FEMENINO,NO,NO,SI,NO,MASCULINO,PAREJA,SI,NO,CONTUNDENTE,04/25/2020 12:00:00 AM,VIVIENDA,HOGAR
"2,020",05/05/2020 12:00:00 AM,22,AÑOS,FEMENINO,CABECERA MUNICIPAL,LA TRINIDAD,SUBSIDIADO,2,HETEROSEXUAL,FEMENINO,NO,NO,NO,NO,MASCULINO,PAREJA,SI,NO,CONTUNDENTE,05/05/2020 12:00:00 AM,VIVIENDA,HOGAR
"2,020",05/06/2020 12:00:00 AM,29,AÑOS,FEMENINO,CABECERA MUNICIPAL,LA COLORADA,SUBSIDIADO,2,HETEROSEXUAL,FEMENINO,NO,NO,NO,NO,MASCULINO,PAREJA,SI,NO,CONTUNDENTE,05/05/2020 12:00:00 AM,VIVIENDA,HOGAR
"2,020",05/06/2020 12:00:00 AM,37,AÑOS,FEMENINO,CABECERA MUNICIPAL,20 DE JULIO,CONTRIBUTIVO,2,HETEROSEXUAL,FEMENINO,NO,SI,SI,NO,MASCULINO,PAREJA,SI,NO,CONTUNDENTE,05/04/2020 12:00:00 AM,VIVIENDA,HOGAR
"2,020",05/08/2020 12:00:00 AM,17,AÑOS,FEMENINO,CABECERA MUNICIPAL,KENEDY,SUBSIDIADO,1,HETEROSEXUAL,FEMENINO,NO,NO,NO,NO,MASCULINO,FAMILIAR,NO,NO,CONTUNDENTE,04/07/2020 12:00:00 AM,VIVIENDA,HOGAR
"2,020",05/09/2020 12:00:00 AM,49,AÑOS,FEMENINO,CABECERA MUNICIPAL,LA FUENTE,SUBSIDIADO,2,HETEROSEXUAL,FEMENINO,NO,NO,NO,NO,MASCULINO,EX PAREJA,NO,NO,AHORCAMIENTO,05/06/2020 12:00:00 AM,OTROS ESPACIOS ABIERTOS,OTROS AMBITOS
"2,020",05/11/2020 12:00:00 AM,20,AÑOS,MASCULINO,CABECERA MUNICIPAL,SOL DE ORIENTE,CONTRIBUTIVO,2,HETEROSEXUAL,MASCULINO,NO,NO,NO,NO,FEMENINO,MADRE,SI,NO,CONTUNDENTE,05/04/2020 12:00:00 AM,VIVIENDA,HOGAR
"2,020",05/11/2020 12:00:00 AM,13,AÑOS,FEMENINO,RURAL DISPERSO,PIRGUA,SUBSIDIADO,1,HETEROSEXUAL,FEMENINO,NO,NO,NO,NO,MASCULINO,NINGUNO,NO,DESCONOCIDO,OTROS MECANISMOS,05/06/2020 12:00:00 AM,VÍA PUBLICA,LABORAL
"2,020",05/11/2020 12:00:00 AM,12,AÑOS,FEMENINO,CABECERA MUNICIPAL,AMPARO DE NIÑOS,SUBSIDIADO,1,HETEROSEXUAL,FEMENINO,NO,NO,SI,NO,MASCULINO,NINGUNO,NO,CONOCIDO(A) SIN NINGUN TRATO,CONTUNDENTE,05/05/2020 12:00:00 AM,OTRO,COMUNITARIO
"2,020",05/11/2020 12:00:00 AM,28,AÑOS,FEMENINO,CABECERA MUNICIPAL,LA FUENTE,SUBSIDIADO,2,HETEROSEXUAL,FEMENINO,NO,NO,NO,SI,MASCULINO,PAREJA,SI,NO,CONTUNDENTE,05/11/2020 12:00:00 AM,VIVIENDA,HOGAR
"2,020",05/12/2020 12:00:00 AM,39,AÑOS,MASCULINO,CABECERA MUNICIPAL,DOÑA EVA,CONTRIBUTIVO,2,HETEROSEXUAL,MASCULINO,NO,NO,SI,NO,FEMENINO,PAREJA,SI,NO,CONTUNDENTE,05/12/2020 12:00:00 AM,VIVIENDA,HOGAR
"2,020",05/14/2020 12:00:00 AM,30,AÑOS,FEMENINO,CABECERA MUNICIPAL,OBRERO,SUBSIDIADO,1,HETEROSEXUAL,FEMENINO,NO,NO,NO,NO,MASCULINO,PAREJA,SI,NO,AHORCAMIENTO,05/04/2020 12:00:00 AM,VIVIENDA,HOGAR
"2,020",05/14/2020 12:00:00 AM,20,AÑOS,FEMENINO,CABECERA MUNICIPAL,EL DORADO,CONTRIBUTIVO,2,HETEROSEXUAL,FEMENINO,NO,NO,NO,NO,MASCULINO,PAREJA,SI,NO,CONTUNDENTE,05/12/2020 12:00:00 AM,VIVIENDA,HOGAR
"2,020",05/14/2020 12:00:00 AM,5,AÑOS,FEMENINO,CABECERA MUNICIPAL,ANDES,SUBSIDIADO,3,HETEROSEXUAL,FEMENINO,NO,NO,NO,NO,MASCULINO,PAREJA,SI,NO,AHORCAMIENTO,04/29/2020 12:00:00 AM,VIVIENDA,HOGAR
"2,020",05/16/2020 12:00:00 AM,38,AÑOS,MASCULINO,CABECERA MUNICIPAL,SANTA CATALINA,CONTRIBUTIVO,3,HETEROSEXUAL,FEMENINO,NO,SI,SI,NO,MASCULINO,EX PAREJA,NO,NO,AHORCAMIENTO,05/04/2020 12:00:00 AM,VIVIENDA,HOGAR
"2,020",05/17/2020 12:00:00 AM,25,AÑOS,FEMENINO,CABECERA MUNICIPAL,LA FUENTE,SUBSIDIADO,1,HETEROSEXUAL,FEMENINO,NO,SI,SI,NO,MASCULINO,EX PAREJA,NO,NO,CONTUNDENTE,05/17/2020 12:00:00 AM,VIVIENDA,HOGAR
"2,020",05/17/2020 12:00:00 AM,21,AÑOS,FEMENINO,CABECERA MUNICIPAL,VILLA BACHUE,CONTRIBUTIVO,2,HETEROSEXUAL,FEMENINO,NO,NO,NO,NO,MASCULINO,FAMILIAR,NO,NO,CONTUNDENTE,05/16/2020 12:00:00 AM,VIVIENDA,HOGAR
"2,020",05/17/2020 12:00:00 AM,23,AÑOS,FEMENINO,CABECERA MUNICIPAL,VILLA BACHUE,CONTRIBUTIVO,2,HETEROSEXUAL,FEMENINO,NO,NO,NO,NO,MASCULINO,FAMILIAR,NO,NO,CONTUNDENTE,05/16/2020 12:00:00 AM,VIVIENDA,HOGAR
"2,020",05/17/2020 12:00:00 AM,6,AÑOS,MASCULINO,CABECERA MUNICIPAL,LIBERTADOR,SUBSIDIADO,1,HETEROSEXUAL,MASCULINO,NO,NO,NO,NO,MASCULINO,NINGUNO,NO,AMIGO(A),CONTUNDENTE,05/11/2020 12:00:00 AM,VIVIENDA,HOGAR
"2,020",05/17/2020 12:00:00 AM,17,AÑOS,FEMENINO,CABECERA MUNICIPAL,SAN FRANCISCO,SUBSIDIADO,1,HETEROSEXUAL,FEMENINO,NO,NO,NO,NO,MASCULINO,NINGUNO,NO,OTRO,CONTUNDENTE,05/06/2020 12:00:00 AM,VIVIENDA,HOGAR
"2,020",05/17/2020 12:00:00 AM,46,AÑOS,FEMENINO,CABECERA MUNICIPAL,15 DE MAYO,CONTRIBUTIVO,3,HETEROSEXUAL,FEMENINO,NO,NO,SI,NO,MASCULINO,PAREJA,SI,NO,CONTUNDENTE,05/17/2020 12:00:00 AM,VIVIENDA,HOGAR
"2,020",05/18/2020 12:00:00 AM,28,AÑOS,FEMENINO,CABECERA MUNICIPAL,BELLO HORIZONTE,SUBSIDIADO,1,BISEXUAL,FEMENINO,NO,NO,SI,SI,MASCULINO,PAREJA,SI,NO,CONTUNDENTE,05/18/2020 12:00:00 AM,VÍA PUBLICA,COMUNITARIO
"2,020",05/19/2020 12:00:00 AM,33,AÑOS,FEMENINO,CABECERA MUNICIPAL,LA CALLEJA,CONTRIBUTIVO,3,HETEROSEXUAL,FEMENINO,NO,NO,SI,NO,MASCULINO,PAREJA,SI,NO,CONTUNDENTE,05/18/2020 12:00:00 AM,VIVIENDA,HOGAR
"2,020",05/19/2020 12:00:00 AM,11,AÑOS,FEMENINO,CABECERA MUNICIPAL,LA CALLEJA,CONTRIBUTIVO,2,HETEROSEXUAL,FEMENINO,NO,NO,NO,NO,MASCULINO,PAREJA,SI,NO,CONTUNDENTE,05/19/2020 12:00:00 AM,VIVIENDA,HOGAR
"2,020",05/19/2020 12:00:00 AM,10,AÑOS,FEMENINO,CABECERA MUNICIPAL,LA FLORIDA,CONTRIBUTIVO,3,HETEROSEXUAL,FEMENINO,NO,NO,NO,NO,MASCULINO,PAREJA,SI,NO,CONTUNDENTE,05/04/2020 12:00:00 AM,VIVIENDA,HOGAR
"2,020",05/20/2020 12:00:00 AM,21,AÑOS,FEMENINO,RURAL DISPERSO,LA HOYA,SUBSIDIADO,1,HETEROSEXUAL,FEMENINO,NO,NO,NO,NO,MASCULINO,PAREJA,SI,NO,AHORCAMIENTO,05/05/2020 12:00:00 AM,VIVIENDA,HOGAR
"2,020",05/20/2020 12:00:00 AM,16,AÑOS,FEMENINO,RURAL DISPERSO,LA HOYA,SUBSIDIADO,1,HETEROSEXUAL,FEMENINO,NO,NO,SI,NO,MASCULINO,PAREJA,SI,NO,CONTUNDENTE,01/01/2017 12:00:00 AM,VIVIENDA,HOGAR
"2,020",05/23/2020 12:00:00 AM,14,AÑOS,FEMENINO,CABECERA MUNICIPAL,SAN FRANCISCO,SUBSIDIADO,2,HETEROSEXUAL,FEMENINO,NO,NO,SI,NO,MASCULINO,PAREJA,SI,NO,CONTUNDENTE,05/22/2020 12:00:00 AM,VIVIENDA,HOGAR
"2,020",05/24/2020 12:00:00 AM,60,AÑOS,FEMENINO,CABECERA MUNICIPAL,ALTAMIRA,CONTRIBUTIVO,2,HETEROSEXUAL,FEMENINO,NO,SI,SI,NO,MASCULINO,FAMILIAR,NO,NO,OTROS MECANISMOS,05/24/2020 12:00:00 AM,VIVIENDA,HOGAR
"2,020",05/25/2020 12:00:00 AM,10,AÑOS,FEMENINO,CABECERA MUNICIPAL,ESTANCIA EL ROBLE,CONTRIBUTIVO,2,HETEROSEXUAL,FEMENINO,NO,NO,NO,NO,MASCULINO,FAMILIAR,SI,NO,CONTUNDENTE,05/17/2020 12:00:00 AM,VIVIENDA,HOGAR
"2,020",05/25/2020 12:00:00 AM,21,AÑOS,FEMENINO,CABECERA MUNICIPAL,LOS PATRIOTAS,SUBSIDIADO,2,HETEROSEXUAL,FEMENINO,NO,NO,SI,NO,MASCULINO,PAREJA,SI,NO,CONTUNDENTE,05/24/2020 12:00:00 AM,VIVIENDA,HOGAR
"2,020",05/27/2020 12:00:00 AM,44,AÑOS,FEMENINO,CABECERA MUNICIPAL,SIN INFORMACION,CONTRIBUTIVO,3,HETEROSEXUAL,FEMENINO,NO,SI,SI,NO,MASCULINO,EX PAREJA,NO,NO,CONTUNDENTE,11/01/2019 12:00:00 AM,VIVIENDA,HOGAR
"2,020",05/27/2020 12:00:00 AM,48,AÑOS,FEMENINO,CABECERA MUNICIPAL,BOCHICA,CONTRIBUTIVO,3,HETEROSEXUAL,FEMENINO,NO,NO,NO,NO,MASCULINO,EX PAREJA,NO,NO,CONTUNDENTE,10/01/2019 12:00:00 AM,VIVIENDA,HOGAR
"2,020",05/30/2020 12:00:00 AM,24,AÑOS,FEMENINO,CABECERA MUNICIPAL,SAN IGNACIO,SUBSIDIADO,2,HETEROSEXUAL,FEMENINO,NO,NO,SI,NO,MASCULINO,PAREJA,SI,NO,CONTUNDENTE,05/26/2020 12:00:00 AM,VIVIENDA,HOGAR
"2,020",05/31/2020 12:00:00 AM,37,AÑOS,FEMENINO,CABECERA MUNICIPAL,EL CARMEN,CONTRIBUTIVO,1,HETEROSEXUAL,FEMENINO,NO,NO,NO,NO,MASCULINO,PAREJA,SI,NO,CONTUNDENTE,05/31/2020 12:00:00 AM,VIVIENDA,HOGAR
"2,020",06/01/2020 12:00:00 AM,55,AÑOS,MASCULINO,RURAL DISPERSO,PIRGUA,SUBSIDIADO,1,HETEROSEXUAL,FEMENINO,NO,NO,NO,NO,MASCULINO,FAMILIAR,SI,NO,CONTUNDENTE,06/01/2020 12:00:00 AM,VÍA PUBLICA,COMUNITARIO
"2,020",06/02/2020 12:00:00 AM,56,AÑOS,MASCULINO,CABECERA MUNICIPAL,LAS QUINTAS,CONTRIBUTIVO,4,HETEROSEXUAL,MASCULINO,NO,NO,SI,NO,FEMENINO,EX PAREJA,NO,NO,CONTUNDENTE,06/01/2020 12:00:00 AM,VÍA PUBLICA,OTROS AMBITOS
"2,020",06/06/2020 12:00:00 AM,3,AÑOS,FEMENINO,CABECERA MUNICIPAL,SAN CARLOS,SUBSIDIADO,1,HETEROSEXUAL,FEMENINO,NO,NO,NO,NO,FEMENINO,MADRE,SI,NO,CONTUNDENTE,05/30/2020 12:00:00 AM,VIVIENDA,HOGAR
"2,020",06/06/2020 12:00:00 AM,16,AÑOS,FEMENINO,CABECERA MUNICIPAL,TRINIDAD,NO ASEGURADO,1,HETEROSEXUAL,FEMENINO,NO,NO,SI,NO,MASCULINO,PAREJA,SI,NO,CONTUNDENTE,06/06/2020 12:00:00 AM,VIVIENDA,HOGAR
"2,020",06/07/2020 12:00:00 AM,37,AÑOS,MASCULINO,CABECERA MUNICIPAL,FLORENCIA,CONTRIBUTIVO,1,HETEROSEXUAL,MASCULINO,NO,NO,SI,NO,MASCULINO,FAMILIAR,NO,NO,CONTUNDENTE,06/07/2020 12:00:00 AM,VIVIENDA,HOGAR
"2,020",06/10/2020 12:00:00 AM,8,AÑOS,FEMENINO,CABECERA MUNICIPAL,EL CURUBAL,SUBSIDIADO,3,HETEROSEXUAL,FEMENINO,NO,NO,SI,NO,MASCULINO,NINGUNO,NO,CONOCIDO(A) SIN NINGUN TRATO,CONTUNDENTE,06/10/2020 12:00:00 AM,VÍA PUBLICA,COMUNITARIO
"2,020",06/11/2020 12:00:00 AM,15,AÑOS,FEMENINO,CABECERA MUNICIPAL,EL MILAGRO,SUBSIDIADO,2,HETEROSEXUAL,FEMENINO,SI,NO,NO,SI,MASCULINO,NINGUNO,NO,DESCONOCIDO,CONTUNDENTE,05/30/2020 12:00:00 AM,VÍA PUBLICA,OTROS AMBITOS
"2,020",06/11/2020 12:00:00 AM,34,AÑOS,FEMENINO,CABECERA MUNICIPAL,VILLA CRISTIN,SUBSIDIADO,2,HETEROSEXUAL,FEMENINO,NO,NO,NO,NO,MASCULINO,PAREJA,SI,NO,CONTUNDENTE,06/11/2020 12:00:00 AM,VIVIENDA,HOGAR
"2,020",06/12/2020 12:00:00 AM,28,AÑOS,FEMENINO,CABECERA MUNICIPAL,EL TOPO,SUBSIDIADO,2,HETEROSEXUAL,FEMENINO,NO,SI,SI,NO,MASCULINO,PAREJA,SI,NO,CONTUNDENTE,06/12/2020 12:00:00 AM,VIVIENDA,HOGAR
"2,020",06/13/2020 12:00:00 AM,20,AÑOS,FEMENINO,CABECERA MUNICIPAL,SAN FRANCISCO,CONTRIBUTIVO,2,HETEROSEXUAL,FEMENINO,NO,NO,NO,NO,MASCULINO,PAREJA,SI,NO,CONTUNDENTE,05/17/2020 12:00:00 AM,VIVIENDA,HOGAR
"2,020",06/14/2020 12:00:00 AM,16,AÑOS,FEMENINO,RURAL DISPERSO,RUNTA ABAJO,SUBSIDIADO,1,HETEROSEXUAL,FEMENINO,NO,NO,NO,NO,MASCULINO,NINGUNO,NO,OTRO,CONTUNDENTE,06/14/2020 12:00:00 AM,VIVIENDA,HOGAR
"2,020",06/14/2020 12:00:00 AM,9,AÑOS,FEMENINO,CABECERA MUNICIPAL,CENTRO,SUBSIDIADO,3,HETEROSEXUAL,FEMENINO,NO,NO,SI,NO,MASCULINO,PAREJA,SI,NO,CONTUNDENTE,06/11/2020 12:00:00 AM,VIVIENDA,HOGAR
"2,020",06/15/2020 12:00:00 AM,38,AÑOS,FEMENINO,CABECERA MUNICIPAL,SUAMOX,SUBSIDIADO,3,HETEROSEXUAL,FEMENINO,NO,SI,SI,SI,MASCULINO,EX PAREJA,NO,NO,CONTUNDENTE,06/15/2020 12:00:00 AM,VIVIENDA,HOGAR
"2,020",06/15/2020 12:00:00 AM,28,AÑOS,FEMENINO,CABECERA MUNICIPAL,SUAMOX,SUBSIDIADO,3,HETEROSEXUAL,FEMENINO,NO,NO,NO,NO,MASCULINO,NINGUNO,NO,CONOCIDO(A) SIN NINGUN TRATO,CONTUNDENTE,06/15/2020 12:00:00 AM,VIVIENDA,HOGAR
"2,020",06/16/2020 12:00:00 AM,28,AÑOS,FEMENINO,CABECERA MUNICIPAL,EL DORADO,SUBSIDIADO,3,HETEROSEXUAL,FEMENINO,NO,NO,NO,SI,MASCULINO,NINGUNO,NO,AMIGO(A),CONTUNDENTE,06/14/2020 12:00:00 AM,VIVIENDA,HOGAR
"2,020",06/16/2020 12:00:00 AM,15,AÑOS,MASCULINO,CABECERA MUNICIPAL,EL CARMEN,SUBSIDIADO,1,HETEROSEXUAL,MASCULINO,NO,NO,NO,NO,MASCULINO,PAREJA,SI,NO,CONTUNDENTE,06/15/2020 12:00:00 AM,VIVIENDA,HOGAR
"2,020",06/18/2020 12:00:00 AM,13,AÑOS,FEMENINO,CABECERA MUNICIPAL,LA FUENTE,CONTRIBUTIVO,2,HETEROSEXUAL,FEMENINO,NO,NO,NO,NO,MASCULINO,NINGUNO,NO,COMPAÑERO(A) DE TRABAJO,CONTUNDENTE,06/17/2020 12:00:00 AM,VIVIENDA,HOGAR
"2,020",06/20/2020 12:00:00 AM,37,AÑOS,FEMENINO,CABECERA MUNICIPAL,ALTAMIRA,SUBSIDIADO,2,HETEROSEXUAL,FEMENINO,NO,SI,SI,NO,MASCULINO,EX PAREJA,NO,NO,CAIDAS,06/20/2020 12:00:00 AM,VÍA PUBLICA,COMUNITARIO
"2,020",06/20/2020 12:00:00 AM,52,AÑOS,FEMENINO,CABECERA MUNICIPAL,SAN LAZARO,SUBSIDIADO,1,HETEROSEXUAL,FEMENINO,NO,NO,NO,NO,MASCULINO,FAMILIAR,SI,NO,AHORCAMIENTO,03/12/2020 12:00:00 AM,VIVIENDA,HOGAR
"2,020",06/20/2020 12:00:00 AM,51,AÑOS,FEMENINO,CABECERA MUNICIPAL,EL CARMEN,SUBSIDIADO,1,HETEROSEXUAL,FEMENINO,NO,NO,NO,NO,MASCULINO,FAMILIAR,SI,NO,CONTUNDENTE,06/13/2020 12:00:00 AM,VIVIENDA,HOGAR
"2,020",06/20/2020 12:00:00 AM,14,AÑOS,FEMENINO,CABECERA MUNICIPAL,20 DE JULIO,SUBSIDIADO,2,HETEROSEXUAL,FEMENINO,NO,NO,NO,NO,MASCULINO,PAREJA,SI,NO,CONTUNDENTE,11/01/2019 12:00:00 AM,VIVIENDA,HOGAR
"2,020",06/20/2020 12:00:00 AM,22,AÑOS,FEMENINO,CABECERA MUNICIPAL,LA CALLEJA,CONTRIBUTIVO,1,HETEROSEXUAL,FEMENINO,NO,NO,NO,NO,MASCULINO,PAREJA,SI,NO,CONTUNDENTE,06/20/2020 12:00:00 AM,VIVIENDA,HOGAR
"2,020",06/21/2020 12:00:00 AM,25,AÑOS,FEMENINO,CABECERA MUNICIPAL,LA FUENTE,SUBSIDIADO,3,HETEROSEXUAL,FEMENINO,NO,NO,NO,NO,MASCULINO,PAREJA,SI,NO,CONTUNDENTE,06/20/2020 12:00:00 AM,VIVIENDA,HOGAR
"2,020",06/24/2020 12:00:00 AM,19,AÑOS,FEMENINO,CABECERA MUNICIPAL,LOS CRISTALES,SUBSIDIADO,2,HETEROSEXUAL,FEMENINO,NO,NO,NO,NO,MASCULINO,FAMILIAR,NO,NO,CONTUNDENTE,06/20/2020 12:00:00 AM,VIVIENDA,HOGAR
"2,020",06/24/2020 12:00:00 AM,47,AÑOS,FEMENINO,CABECERA MUNICIPAL,LAS AMERICAS,SUBSIDIADO,1,HETEROSEXUAL,FEMENINO,NO,NO,SI,NO,MASCULINO,NINGUNO,NO,VECINO(A),CONTUNDENTE,06/21/2020 12:00:00 AM,VIVIENDA,HOGAR
"2,020",06/24/2020 12:00:00 AM,25,AÑOS,FEMENINO,CABECERA MUNICIPAL,SAN FRANCISCO,CONTRIBUTIVO,3,HETEROSEXUAL,FEMENINO,NO,NO,NO,NO,MASCULINO,PAREJA,SI,NO,AHORCAMIENTO,06/24/2020 12:00:00 AM,VIVIENDA,HOGAR
"2,020",06/26/2020 12:00:00 AM,13,AÑOS,FEMENINO,RURAL DISPERSO,PIRGUA,SUBSIDIADO,2,HETEROSEXUAL,FEMENINO,NO,NO,NO,NO,MASCULINO,NINGUNO,NO,PROFESOR,CONTUNDENTE,05/06/2020 12:00:00 AM,VIVIENDA,HOGAR
"2,020",06/27/2020 12:00:00 AM,26,AÑOS,MASCULINO,CABECERA MUNICIPAL,LA FUENTE,CONTRIBUTIVO,2,HETEROSEXUAL,MASCULINO,NO,NO,NO,NO,FEMENINO,EX PAREJA,NO,NO,CORTANTE,06/26/2020 12:00:00 AM,VIVIENDA,HOGAR
"2,020",06/27/2020 12:00:00 AM,9,AÑOS,MASCULINO,CABECERA MUNICIPAL,ALTOS COOSERVICIOS,CONTRIBUTIVO,2,HETEROSEXUAL,MASCULINO,NO,NO,SI,NO,MASCULINO,FAMILIAR,SI,NO,CONTUNDENTE,06/24/2020 12:00:00 AM,VIVIENDA,HOGAR
"2,020",06/28/2020 12:00:00 AM,27,AÑOS,FEMENINO,CABECERA MUNICIPAL,DOÑA EVA,CONTRIBUTIVO,2,HETEROSEXUAL,FEMENINO,NO,NO,NO,SI,MASCULINO,NINGUNO,NO,OTRO,CONTUNDENTE,06/28/2020 12:00:00 AM,VIVIENDA,HOGAR
"2,020",06/30/2020 12:00:00 AM,20,AÑOS,FEMENINO,CABECERA MUNICIPAL,ESTANCIA EL ROBLE,CONTRIBUTIVO,2,HETEROSEXUAL,FEMENINO,NO,NO,NO,NO,MASCULINO,PAREJA,SI,NO,OTROS MECANISMOS,06/30/2020 12:00:00 AM,VIVIENDA,HOGAR
"2,020",07/01/2020 12:00:00 AM,50,AÑOS,FEMENINO,CABECERA MUNICIPAL,ASIS BOYACENSE,SUBSIDIADO,3,HETEROSEXUAL,FEMENINO,NO,NO,NO,NO,MASCULINO,PAREJA,SI,NO,CONTUNDENTE,06/28/2020 12:00:00 AM,VIVIENDA,HOGAR
"2,020",07/03/2020 12:00:00 AM,26,AÑOS,FEMENINO,CABECERA MUNICIPAL,MIRADOR ESCANDINAVO,SUBSIDIADO,2,HETEROSEXUAL,FEMENINO,NO,NO,NO,NO,MASCULINO,PAREJA,SI,NO,CONTUNDENTE,07/03/2020 12:00:00 AM,VIVIENDA,HOGAR
"2,020",07/04/2020 12:00:00 AM,50,AÑOS,FEMENINO,CABECERA MUNICIPAL,CENTENARIO,SUBSIDIADO,1,HETEROSEXUAL,FEMENINO,NO,NO,NO,NO,FEMENINO,FAMILIAR,SI,NO,AHORCAMIENTO,07/03/2020 12:00:00 AM,VIVIENDA,HOGAR
"2,020",07/04/2020 12:00:00 AM,19,AÑOS,MASCULINO,CABECERA MUNICIPAL,SAN LAZARO,SUBSIDIADO,2,BISEXUAL,MASCULINO,NO,NO,SI,SI,FEMENINO,PAREJA,SI,NO,CORTANTE,07/03/2020 12:00:00 AM,VIVIENDA,HOGAR
"2,020",07/04/2020 12:00:00 AM,37,AÑOS,FEMENINO,CABECERA MUNICIPAL,BOLIVAR,CONTRIBUTIVO,2,HETEROSEXUAL,FEMENINO,NO,NO,SI,NO,MASCULINO,PAREJA,SI,NO,CONTUNDENTE,06/25/2020 12:00:00 AM,VIVIENDA,HOGAR
"2,020",07/04/2020 12:00:00 AM,46,AÑOS,FEMENINO,CABECERA MUNICIPAL,OBRERO,CONTRIBUTIVO,2,HETEROSEXUAL,FEMENINO,NO,SI,NO,NO,MASCULINO,PAREJA,SI,NO,CONTUNDENTE,06/16/2020 12:00:00 AM,VÍA PUBLICA,OTROS AMBITOS
"2,020",07/05/2020 12:00:00 AM,19,AÑOS,FEMENINO,CABECERA MUNICIPAL,LA MARIA,SUBSIDIADO,1,HETEROSEXUAL,FEMENINO,NO,NO,NO,NO,MASCULINO,EX PAREJA,NO,NO,CONTUNDENTE,07/04/2020 12:00:00 AM,VÍA PUBLICA,OTROS AMBITOS
"2,020",07/05/2020 12:00:00 AM,7,AÑOS,FEMENINO,CABECERA MUNICIPAL,TRINIDAD,SUBSIDIADO,2,HETEROSEXUAL,FEMENINO,NO,NO,NO,NO,MASCULINO,FAMILIAR,SI,NO,AHORCAMIENTO,07/05/2020 12:00:00 AM,VIVIENDA,HOGAR
"2,020",07/05/2020 12:00:00 AM,13,AÑOS,FEMENINO,CABECERA MUNICIPAL,LIBERTADOR,CONTRIBUTIVO,2,HETEROSEXUAL,FEMENINO,NO,NO,NO,NO,MASCULINO,NINGUNO,NO,AMIGO(A),CONTUNDENTE,07/04/2020 12:00:00 AM,VIVIENDA,HOGAR
"2,020",07/06/2020 12:00:00 AM,67,AÑOS,MASCULINO,CABECERA MUNICIPAL,LA GRANJA,CONTRIBUTIVO,3,HETEROSEXUAL,MASCULINO,NO,SI,NO,NO,MASCULINO,NINGUNO,NO,DESCONOCIDO,CONTUNDENTE,07/04/2020 12:00:00 AM,VÍA PUBLICA,COMUNITARIO
"2,020",07/08/2020 12:00:00 AM,19,AÑOS,FEMENINO,CABECERA MUNICIPAL,MIRADOR ESCANDINAVO,CONTRIBUTIVO,2,HETEROSEXUAL,FEMENINO,NO,SI,SI,NO,MASCULINO,EX PAREJA,NO,NO,CONTUNDENTE,06/17/2020 12:00:00 AM,VIVIENDA,HOGAR
"2,020",07/11/2020 12:00:00 AM,8,AÑOS,FEMENINO,CABECERA MUNICIPAL,ALTAMIRA,CONTRIBUTIVO,2,HETEROSEXUAL,FEMENINO,NO,NO,NO,NO,FEMENINO,MADRE,SI,NO,CONTUNDENTE,07/09/2020 12:00:00 AM,VIVIENDA,HOGAR
"2,020",07/11/2020 12:00:00 AM,12,AÑOS,MASCULINO,CABECERA MUNICIPAL,SIN INFORMACION,SUBSIDIADO,1,HETEROSEXUAL,MASCULINO,NO,NO,SI,NO,MASCULINO,NINGUNO,NO,OTRO,CONTUNDENTE,01/01/2016 12:00:00 AM,VIVIENDA,HOGAR
"2,020",07/11/2020 12:00:00 AM,15,AÑOS,FEMENINO,CABECERA MUNICIPAL,RUNTA ARRIBA,SUBSIDIADO,1,HETEROSEXUAL,FEMENINO,NO,NO,NO,NO,MASCULINO,NINGUNO,NO,OTRO,CONTUNDENTE,06/30/2020 12:00:00 AM,VIVIENDA,HOGAR
"2,020",07/11/2020 12:00:00 AM,12,AÑOS,MASCULINO,CABECERA MUNICIPAL,AVENIDA CIRCUNVALAR,SUBSIDIADO,1,HETEROSEXUAL,MASCULINO,NO,NO,SI,NO,MASCULINO,NINGUNO,NO,OTRO,CONTUNDENTE,01/01/2016 12:00:00 AM,VIVIENDA,HOGAR
"2,020",07/12/2020 12:00:00 AM,24,AÑOS,FEMENINO,CABECERA MUNICIPAL,ANTONIA SANTOS,SUBSIDIADO,2,HETEROSEXUAL,FEMENINO,NO,NO,NO,NO,FEMENINO,NINGUNO,NO,CONOCIDO(A) SIN NINGUN TRATO,CONTUNDENTE,07/11/2020 12:00:00 AM,VIVIENDA,HOGAR
"2,020",07/13/2020 12:00:00 AM,23,AÑOS,FEMENINO,CABECERA MUNICIPAL,SAN IGNACIO,CONTRIBUTIVO,4,HETEROSEXUAL,FEMENINO,NO,SI,NO,NO,MASCULINO,PAREJA,SI,NO,CONTUNDENTE,07/13/2020 12:00:00 AM,VIVIENDA,HOGAR
"2,020",07/14/2020 12:00:00 AM,31,AÑOS,FEMENINO,CABECERA MUNICIPAL,DOÑA EVA,CONTRIBUTIVO,2,HETEROSEXUAL,FEMENINO,NO,NO,SI,NO,MASCULINO,PAREJA,SI,NO,AHORCAMIENTO,05/01/2020 12:00:00 AM,VIVIENDA,HOGAR
"2,020",07/16/2020 12:00:00 AM,19,AÑOS,FEMENINO,CABECERA MUNICIPAL,LOS COJINES,CONTRIBUTIVO,2,HETEROSEXUAL,FEMENINO,NO,NO,NO,NO,MASCULINO,PAREJA,SI,NO,CONTUNDENTE,01/16/2020 12:00:00 AM,VIVIENDA,HOGAR
"2,020",07/16/2020 12:00:00 AM,14,AÑOS,FEMENINO,CABECERA MUNICIPAL,RICAURTE,INDETERMINADO O PENDIENTE,2,HETEROSEXUAL,FEMENINO,NO,NO,NO,NO,MASCULINO,PAREJA,SI,NO,AHORCAMIENTO,07/16/2020 12:00:00 AM,VIVIENDA,HOGAR
"2,020",07/17/2020 12:00:00 AM,41,AÑOS,FEMENINO,CABECERA MUNICIPAL,FUENTE HIGUERAS,ESPECIAL,2,HETEROSEXUAL,FEMENINO,NO,NO,SI,NO,MASCULINO,PAREJA,SI,NO,AHORCAMIENTO,07/17/2020 12:00:00 AM,VIVIENDA,HOGAR
"2,020",07/18/2020 12:00:00 AM,27,AÑOS,FEMENINO,CABECERA MUNICIPAL,SIN INFORMACION,SUBSIDIADO,3,HETEROSEXUAL,FEMENINO,NO,NO,NO,NO,MASCULINO,EX PAREJA,NO,NO,CONTUNDENTE,07/13/2020 12:00:00 AM,VIVIENDA,HOGAR
"2,020",07/23/2020 12:00:00 AM,4,AÑOS,FEMENINO,CABECERA MUNICIPAL,CIUDAD JARDIN,SUBSIDIADO,2,HETEROSEXUAL,FEMENINO,NO,NO,NO,NO,FEMENINO,PAREJA,SI,NO,CONTUNDENTE,07/21/2020 12:00:00 AM,VIVIENDA,HOGAR
"2,020",07/24/2020 12:00:00 AM,12,AÑOS,FEMENINO,CABECERA MUNICIPAL,EL DORADO,SUBSIDIADO,1,HETEROSEXUAL,FEMENINO,NO,NO,NO,NO,MASCULINO,NINGUNO,NO,OTRO,CONTUNDENTE,10/10/2019 12:00:00 AM,VIVIENDA,HOGAR
"2,020",07/24/2020 12:00:00 AM,14,AÑOS,FEMENINO,CABECERA MUNICIPAL,EL DORADO,CONTRIBUTIVO,1,HETEROSEXUAL,FEMENINO,NO,NO,NO,NO,MASCULINO,NINGUNO,NO,OTRO,CONTUNDENTE,10/01/2019 12:00:00 AM,VIVIENDA,HOGAR
"2,020",07/24/2020 12:00:00 AM,9,AÑOS,FEMENINO,CABECERA MUNICIPAL,EL DORADO,SUBSIDIADO,1,HETEROSEXUAL,FEMENINO,NO,NO,NO,NO,MASCULINO,NINGUNO,NO,OTRO,CONTUNDENTE,10/01/2019 12:00:00 AM,VIVIENDA,HOGAR
"2,020",07/25/2020 12:00:00 AM,34,AÑOS,FEMENINO,CABECERA MUNICIPAL,BARRIO TUNJUELITO,INDETERMINADO O PENDIENTE,2,HETEROSEXUAL,FEMENINO,NO,NO,SI,NO,MASCULINO,PAREJA,SI,NO,CONTUNDENTE,07/25/2020 12:00:00 AM,VIVIENDA,HOGAR
"2,020",07/25/2020 12:00:00 AM,22,AÑOS,FEMENINO,CABECERA MUNICIPAL,ANTONIA SANTOS,CONTRIBUTIVO,2,HETEROSEXUAL,FEMENINO,NO,SI,NO,NO,MASCULINO,PAREJA,SI,NO,OTROS MECANISMOS,07/24/2020 12:00:00 AM,VÍA PUBLICA,OTROS AMBITOS
"2,020",07/28/2020 12:00:00 AM,26,AÑOS,FEMENINO,CABECERA MUNICIPAL,CIUDADELA COMFABOY,CONTRIBUTIVO,2,HETEROSEXUAL,FEMENINO,NO,NO,SI,NO,MASCULINO,PAREJA,SI,NO,CONTUNDENTE,06/01/2020 12:00:00 AM,VIVIENDA,HOGAR
"2,020",07/30/2020 12:00:00 AM,25,AÑOS,FEMENINO,CABECERA MUNICIPAL,PINOS DEL NORTE,SUBSIDIADO,2,HETEROSEXUAL,FEMENINO,NO,NO,NO,NO,MASCULINO,PAREJA,SI,NO,AHORCAMIENTO,07/29/2020 12:00:00 AM,VIVIENDA,HOGAR
"2,020",07/31/2020 12:00:00 AM,30,AÑOS,FEMENINO,CABECERA MUNICIPAL,20 DE JULIO,CONTRIBUTIVO,2,HETEROSEXUAL,FEMENINO,NO,NO,NO,NO,MASCULINO,EX PAREJA,NO,NO,AHORCAMIENTO,07/08/2020 12:00:00 AM,VIVIENDA,HOGAR
"2,020",08/01/2020 12:00:00 AM,19,AÑOS,FEMENINO,CABECERA MUNICIPAL,SANTA RITA,CONTRIBUTIVO,2,HETEROSEXUAL,FEMENINO,NO,NO,SI,NO,MASCULINO,FAMILIAR,NO,NO,AHORCAMIENTO,07/28/2020 12:00:00 AM,VIVIENDA,HOGAR
"2,020",08/01/2020 12:00:00 AM,31,AÑOS,FEMENINO,CABECERA MUNICIPAL,SANTA LUCIA,SUBSIDIADO,2,HETEROSEXUAL,FEMENINO,NO,NO,SI,NO,MASCULINO,PAREJA,SI,NO,AHORCAMIENTO,07/26/2020 12:00:00 AM,VIVIENDA,HOGAR
"2,020",08/01/2020 12:00:00 AM,25,AÑOS,MASCULINO,CABECERA MUNICIPAL,CIUDAD JARDIN,CONTRIBUTIVO,1,HETEROSEXUAL,MASCULINO,NO,SI,SI,NO,FEMENINO,PAREJA,SI,NO,CORTANTE,08/01/2020 12:00:00 AM,VIVIENDA,HOGAR
"2,020",08/01/2020 12:00:00 AM,21,AÑOS,FEMENINO,CABECERA MUNICIPAL,CIUDAD JARDIN,SUBSIDIADO,1,HETEROSEXUAL,FEMENINO,NO,NO,SI,NO,MASCULINO,PAREJA,SI,NO,CONTUNDENTE,08/01/2020 12:00:00 AM,VIVIENDA,HOGAR
"2,020",08/08/2020 12:00:00 AM,41,AÑOS,MASCULINO,CABECERA MUNICIPAL,ANTONIA SANTOS,SUBSIDIADO,1,HETEROSEXUAL,MASCULINO,NO,SI,SI,NO,FEMENINO,EX PAREJA,NO,NO,CONTUNDENTE,08/02/2020 12:00:00 AM,VÍA PUBLICA,OTROS AMBITOS
"2,020",08/08/2020 12:00:00 AM,24,AÑOS,FEMENINO,CABECERA MUNICIPAL,SANTA LUCIA,SUBSIDIADO,2,HETEROSEXUAL,FEMENINO,NO,NO,NO,NO,MASCULINO,PAREJA,SI,NO,CONTUNDENTE,08/07/2020 12:00:00 AM,VIVIENDA,HOGAR
"2,020",08/08/2020 12:00:00 AM,29,AÑOS,FEMENINO,CABECERA MUNICIPAL,DOÑA EVA,NO ASEGURADO,1,HETEROSEXUAL,FEMENINO,NO,NO,NO,NO,MASCULINO,PAREJA,SI,NO,AHORCAMIENTO,08/03/2020 12:00:00 AM,VIVIENDA,HOGAR
"2,020",08/10/2020 12:00:00 AM,70,AÑOS,FEMENINO,CABECERA MUNICIPAL,RODEO,CONTRIBUTIVO,2,HETEROSEXUAL,FEMENINO,NO,NO,NO,NO,MASCULINO,PAREJA,SI,NO,AHORCAMIENTO,07/28/2020 12:00:00 AM,VIVIENDA,HOGAR
"2,020",08/14/2020 12:00:00 AM,36,AÑOS,FEMENINO,CABECERA MUNICIPAL,LAS AMERICAS,SUBSIDIADO,2,HETEROSEXUAL,FEMENINO,NO,NO,NO,NO,MASCULINO,PAREJA,SI,NO,CONTUNDENTE,08/14/2020 12:00:00 AM,VIVIENDA,HOGAR
"2,020",08/15/2020 12:00:00 AM,23,AÑOS,FEMENINO,CABECERA MUNICIPAL,CIUDAD JARDIN,SUBSIDIADO,1,HETEROSEXUAL,FEMENINO,NO,NO,NO,NO,MASCULINO,EX PAREJA,NO,NO,CONTUNDENTE,08/15/2020 12:00:00 AM,VÍA PUBLICA,COMUNITARIO
"2,020",08/15/2020 12:00:00 AM,56,AÑOS,FEMENINO,CABECERA MUNICIPAL,ALTAMIRA,SUBSIDIADO,1,HETEROSEXUAL,FEMENINO,NO,SI,SI,SI,MASCULINO,EX PAREJA,SI,NO,QUEMADURA POR ACIDO,08/09/2020 12:00:00 AM,VIVIENDA,HOGAR
"2,020",08/15/2020 12:00:00 AM,10,AÑOS,FEMENINO,CABECERA MUNICIPAL,ANTONIA SANTOS,CONTRIBUTIVO,2,HETEROSEXUAL,FEMENINO,NO,NO,NO,NO,MASCULINO,FAMILIAR,NO,NO,AHORCAMIENTO,07/25/2020 12:00:00 AM,VIVIENDA,HOGAR
"2,020",08/15/2020 12:00:00 AM,7,AÑOS,FEMENINO,CABECERA MUNICIPAL,ANTONIA SANTOS,CONTRIBUTIVO,1,BISEXUAL,FEMENINO,NO,NO,NO,NO,MASCULINO,FAMILIAR,NO,NO,AHORCAMIENTO,08/15/2020 12:00:00 AM,VIVIENDA,HOGAR
"2,020",08/15/2020 12:00:00 AM,12,AÑOS,FEMENINO,CABECERA MUNICIPAL,VILLA SOFIA,SUBSIDIADO,1,HETEROSEXUAL,FEMENINO,NO,NO,NO,NO,MASCULINO,NINGUNO,NO,CONOCIDO(A) SIN NINGUN TRATO,CONTUNDENTE,08/02/2020 12:00:00 AM,VÍA PUBLICA,COMUNITARIO
"2,020",08/15/2020 12:00:00 AM,10,AÑOS,FEMENINO,CABECERA MUNICIPAL,EL MILAGRO,SUBSIDIADO,2,HETEROSEXUAL,FEMENINO,NO,NO,NO,NO,MASCULINO,NINGUNO,NO,OTRO,CONTUNDENTE,08/15/2020 12:00:00 AM,VIVIENDA,HOGAR
"2,020",08/15/2020 12:00:00 AM,46,AÑOS,FEMENINO,CABECERA MUNICIPAL,EL TOPO,SUBSIDIADO,2,HETEROSEXUAL,FEMENINO,NO,NO,SI,SI,MASCULINO,PAREJA,SI,NO,CONTUNDENTE,08/15/2020 12:00:00 AM,OTRO,OTROS AMBITOS
"2,020",08/15/2020 12:00:00 AM,45,AÑOS,MASCULINO,CABECERA MUNICIPAL,EL TOPO,CONTRIBUTIVO,2,HETEROSEXUAL,MASCULINO,NO,NO,SI,NO,FEMENINO,PAREJA,SI,NO,CONTUNDENTE,08/15/2020 12:00:00 AM,OTRO,OTROS AMBITOS
"2,020",08/16/2020 12:00:00 AM,9,AÑOS,FEMENINO,CABECERA MUNICIPAL,EL MILAGRO,SUBSIDIADO,1,HETEROSEXUAL,FEMENINO,NO,NO,NO,NO,MASCULINO,MADRE,NO,NO,CONTUNDENTE,07/29/2020 12:00:00 AM,OTRO,OTROS AMBITOS
"2,020",08/16/2020 12:00:00 AM,11,AÑOS,FEMENINO,CABECERA MUNICIPAL,EL MILAGRO,SUBSIDIADO,1,HETEROSEXUAL,FEMENINO,NO,NO,NO,NO,MASCULINO,NINGUNO,NO,OTRO,CONTUNDENTE,07/29/2020 12:00:00 AM,OTRO,OTROS AMBITOS
"2,020",08/16/2020 12:00:00 AM,8,AÑOS,FEMENINO,CABECERA MUNICIPAL,EL MILAGRO,SUBSIDIADO,1,HETEROSEXUAL,FEMENINO,NO,NO,NO,NO,MASCULINO,NINGUNO,NO,OTRO,CONTUNDENTE,07/29/2020 12:00:00 AM,OTRO,OTROS AMBITOS
"2,020",08/17/2020 12:00:00 AM,19,AÑOS,FEMENINO,CABECERA MUNICIPAL,SOL DE ORIENTE,SUBSIDIADO,2,HETEROSEXUAL,FEMENINO,NO,NO,NO,SI,MASCULINO,NINGUNO,NO,DESCONOCIDO,CONTUNDENTE,08/17/2020 12:00:00 AM,VÍA PUBLICA,OTROS AMBITOS
"2,020",08/20/2020 12:00:00 AM,6,AÑOS,FEMENINO,CABECERA MUNICIPAL,LIBERTADOR,CONTRIBUTIVO,2,HETEROSEXUAL,FEMENINO,NO,NO,NO,NO,MASCULINO,NINGUNO,NO,OTRO,CONTUNDENTE,04/01/2020 12:00:00 AM,VIVIENDA,HOGAR
"2,020",08/20/2020 12:00:00 AM,48,AÑOS,FEMENINO,CABECERA MUNICIPAL,LAS NIEVES,CONTRIBUTIVO,2,HETEROSEXUAL,FEMENINO,NO,NO,NO,NO,MASCULINO,PAREJA,SI,NO,AHORCAMIENTO,08/20/2020 12:00:00 AM,VIVIENDA,HOGAR
"2,020",08/21/2020 12:00:00 AM,42,AÑOS,FEMENINO,CABECERA MUNICIPAL,LA PERLA,EXCEPTUADO,2,HETEROSEXUAL,FEMENINO,SI,NO,SI,NO,MASCULINO,EX PAREJA,SI,NO,CONTUNDENTE,08/19/2020 12:00:00 AM,VIVIENDA,HOGAR
"2,020",08/22/2020 12:00:00 AM,22,AÑOS,FEMENINO,CABECERA MUNICIPAL,BOLIVAR,SUBSIDIADO,2,HETEROSEXUAL,FEMENINO,NO,NO,SI,NO,MASCULINO,EX PAREJA,NO,NO,AHORCAMIENTO,08/08/2020 12:00:00 AM,VIVIENDA,HOGAR
"2,020",08/22/2020 12:00:00 AM,20,AÑOS,FEMENINO,CABECERA MUNICIPAL,ANTONIA SANTOS,SUBSIDIADO,1,HETEROSEXUAL,FEMENINO,NO,NO,SI,NO,MASCULINO,EX PAREJA,NO,NO,CONTUNDENTE,08/22/2020 12:00:00 AM,VIVIENDA,HOGAR
"2,020",08/22/2020 12:00:00 AM,47,AÑOS,MASCULINO,CABECERA MUNICIPAL,JORGE ELIECER GAITAN,SUBSIDIADO,1,HETEROSEXUAL,FEMENINO,NO,NO,NO,SI,MASCULINO,FAMILIAR,SI,NO,CORTANTE,08/20/2020 12:00:00 AM,VIVIENDA,HOGAR
"2,020",08/22/2020 12:00:00 AM,26,AÑOS,FEMENINO,CABECERA MUNICIPAL,DOÑA EVA,SUBSIDIADO,2,HETEROSEXUAL,FEMENINO,NO,SI,SI,NO,MASCULINO,PAREJA,SI,NO,CONTUNDENTE,08/19/2020 12:00:00 AM,VIVIENDA,HOGAR
"2,020",08/22/2020 12:00:00 AM,43,AÑOS,FEMENINO,CABECERA MUNICIPAL,ANTONIA SANTOS,SUBSIDIADO,1,HETEROSEXUAL,FEMENINO,NO,SI,SI,NO,MASCULINO,PAREJA,SI,NO,CONTUNDENTE,08/16/2020 12:00:00 AM,VIVIENDA,HOGAR
"2,020",08/23/2020 12:00:00 AM,23,AÑOS,FEMENINO,CABECERA MUNICIPAL,LIBERTADOR,NO ASEGURADO,1,HETEROSEXUAL,FEMENINO,NO,NO,NO,NO,MASCULINO,PAREJA,SI,NO,CONTUNDENTE,08/22/2020 12:00:00 AM,VIVIENDA,HOGAR
"2,020",08/24/2020 12:00:00 AM,14,AÑOS,FEMENINO,CABECERA MUNICIPAL,LOS MUISCAS,CONTRIBUTIVO,3,HETEROSEXUAL,FEMENINO,NO,NO,NO,SI,MASCULINO,NINGUNO,NO,AMIGO(A),CONTUNDENTE,08/24/2020 12:00:00 AM,VIVIENDA,HOGAR
"2,020",08/25/2020 12:00:00 AM,22,AÑOS,FEMENINO,CABECERA MUNICIPAL,EL BOSQUE,NO ASEGURADO,1,HETEROSEXUAL,FEMENINO,NO,NO,SI,NO,MASCULINO,EX PAREJA,NO,NO,AHORCAMIENTO,08/25/2020 12:00:00 AM,VIVIENDA,HOGAR
"2,020",08/27/2020 12:00:00 AM,16,AÑOS,FEMENINO,CABECERA MUNICIPAL,SUAREZ,SUBSIDIADO,2,HETEROSEXUAL,FEMENINO,NO,NO,NO,NO,MASCULINO,NINGUNO,NO,OTRO,CONTUNDENTE,05/01/2020 12:00:00 AM,OTRO,OTROS AMBITOS
"2,020",08/28/2020 12:00:00 AM,9,AÑOS,FEMENINO,CABECERA MUNICIPAL,MIRADOR ESCANDINAVO,CONTRIBUTIVO,1,HETEROSEXUAL,FEMENINO,NO,NO,SI,NO,FEMENINO,FAMILIAR,NO,NO,OTROS MECANISMOS,01/01/2018 12:00:00 AM,VIVIENDA,HOGAR
"2,020",08/29/2020 12:00:00 AM,35,AÑOS,MASCULINO,CABECERA MUNICIPAL,LIBERTADOR,SUBSIDIADO,2,HETEROSEXUAL,MASCULINO,NO,SI,SI,SI,MASCULINO,FAMILIAR,SI,NO,CONTUNDENTE,08/29/2020 12:00:00 AM,VIVIENDA,HOGAR
"2,020",08/29/2020 12:00:00 AM,42,AÑOS,FEMENINO,CABECERA MUNICIPAL,PARIOTAS,SUBSIDIADO,1,HETEROSEXUAL,FEMENINO,NO,NO,NO,NO,MASCULINO,NINGUNO,NO,DESCONOCIDO,CONTUNDENTE,08/26/2020 12:00:00 AM,VIVIENDA,HOGAR
"2,020",08/29/2020 12:00:00 AM,24,AÑOS,FEMENINO,CABECERA MUNICIPAL,ANTONIA SANTOS,SUBSIDIADO,1,HETEROSEXUAL,FEMENINO,NO,NO,SI,NO,MASCULINO,PAREJA,SI,NO,AHORCAMIENTO,08/28/2020 12:00:00 AM,VIVIENDA,HOGAR
"2,020",08/29/2020 12:00:00 AM,40,AÑOS,FEMENINO,CABECERA MUNICIPAL,20 DE JULIO,CONTRIBUTIVO,2,HETEROSEXUAL,FEMENINO,NO,NO,SI,SI,FEMENINO,PAREJA,SI,NO,CONTUNDENTE,08/23/2020 12:00:00 AM,VÍA PUBLICA,COMUNITARIO
"2,020",08/29/2020 12:00:00 AM,14,AÑOS,FEMENINO,CABECERA MUNICIPAL,DOÑA EVA,SUBSIDIADO,1,HETEROSEXUAL,FEMENINO,NO,NO,NO,NO,MASCULINO,PAREJA,SI,NO,AHORCAMIENTO,08/27/2020 12:00:00 AM,VIVIENDA,HOGAR
"2,020",08/31/2020 12:00:00 AM,52,AÑOS,FEMENINO,CABECERA MUNICIPAL,EL OBRERO,SUBSIDIADO,3,HETEROSEXUAL,FEMENINO,NO,SI,SI,NO,MASCULINO,FAMILIAR,SI,NO,CONTUNDENTE,08/28/2020 12:00:00 AM,LUGAR DE TRABAJO,COMUNITARIO
"2,020",09/01/2020 12:00:00 AM,24,AÑOS,FEMENINO,CABECERA MUNICIPAL,LA FUENTE,CONTRIBUTIVO,4,HETEROSEXUAL,FEMENINO,NO,NO,SI,NO,MASCULINO,PAREJA,SI,NO,AHORCAMIENTO,08/31/2020 12:00:00 AM,VIVIENDA,HOGAR
"2,020",09/03/2020 12:00:00 AM,20,AÑOS,FEMENINO,CABECERA MUNICIPAL,LA TRINIDAD,SUBSIDIADO,1,HETEROSEXUAL,FEMENINO,NO,NO,SI,NO,FEMENINO,NINGUNO,SI,OTRO,CONTUNDENTE,08/31/2020 12:00:00 AM,VIVIENDA,HOGAR
"2,020",09/05/2020 12:00:00 AM,22,AÑOS,MASCULINO,CABECERA MUNICIPAL,LA FLORIDA,SUBSIDIADO,1,HETEROSEXUAL,MASCULINO,SI,NO,SI,SI,MASCULINO,PADRE,SI,NO,OTROS MECANISMOS,08/30/2020 12:00:00 AM,VIVIENDA,HOGAR
"2,020",09/05/2020 12:00:00 AM,55,AÑOS,FEMENINO,CABECERA MUNICIPAL,EL TRIUNFO,SUBSIDIADO,1,HETEROSEXUAL,FEMENINO,NO,NO,SI,NO,MASCULINO,PAREJA,SI,NO,CONTUNDENTE,09/03/2020 12:00:00 AM,VIVIENDA,HOGAR
"2,020",09/05/2020 12:00:00 AM,43,AÑOS,MASCULINO,CABECERA MUNICIPAL,LA FLORIDA,CONTRIBUTIVO,2,HETEROSEXUAL,MASCULINO,NO,NO,NO,NO,FEMENINO,EX PAREJA,NO,NO,CONTUNDENTE,08/30/2020 12:00:00 AM,VÍA PUBLICA,OTROS AMBITOS
"2,020",09/09/2020 12:00:00 AM,23,AÑOS,FEMENINO,CABECERA MUNICIPAL,MANZANAREZ,SUBSIDIADO,1,HETEROSEXUAL,FEMENINO,SI,SI,NO,NO,MASCULINO,EX PAREJA,NO,NO,CORTANTE,09/09/2020 12:00:00 AM,VIVIENDA,HOGAR
"2,020",09/09/2020 12:00:00 AM,5,AÑOS,MASCULINO,CABECERA MUNICIPAL,DOÑA EVA,SUBSIDIADO,2,HETEROSEXUAL,MASCULINO,NO,NO,NO,NO,MASCULINO,NINGUNO,NO,VECINO(A),OTROS MECANISMOS,09/07/2020 12:00:00 AM,VÍA PUBLICA,COMUNITARIO
"2,020",09/11/2020 12:00:00 AM,5,AÑOS,FEMENINO,CABECERA MUNICIPAL,LA CALLEJA,CONTRIBUTIVO,3,HETEROSEXUAL,FEMENINO,NO,NO,NO,NO,MASCULINO,NINGUNO,NO,OTRO,OTROS MECANISMOS,08/30/2020 12:00:00 AM,VIVIENDA,HOGAR
"2,020",09/12/2020 12:00:00 AM,29,AÑOS,FEMENINO,CABECERA MUNICIPAL,KENNEDY,SUBSIDIADO,2,HETEROSEXUAL,FEMENINO,NO,NO,NO,NO,MASCULINO,PAREJA,NO,NO,AHORCAMIENTO,09/12/2020 12:00:00 AM,VIVIENDA,HOGAR
"2,020",09/13/2020 12:00:00 AM,27,AÑOS,FEMENINO,CABECERA MUNICIPAL,COLINAS DE ZUE,SUBSIDIADO,2,HETEROSEXUAL,FEMENINO,NO,NO,NO,NO,MASCULINO,PAREJA,SI,NO,CONTUNDENTE,09/13/2020 12:00:00 AM,VIVIENDA,HOGAR
"2,020",09/14/2020 12:00:00 AM,20,AÑOS,FEMENINO,CABECERA MUNICIPAL,EL TRIUNFO,NO ASEGURADO,1,HETEROSEXUAL,FEMENINO,NO,NO,NO,NO,MASCULINO,PAREJA,SI,NO,AHORCAMIENTO,09/07/2020 12:00:00 AM,VIVIENDA,HOGAR
"2,020",09/14/2020 12:00:00 AM,22,AÑOS,FEMENINO,CABECERA MUNICIPAL,JORDAN,CONTRIBUTIVO,3,HETEROSEXUAL,FEMENINO,NO,NO,NO,NO,MASCULINO,PAREJA,SI,NO,AHORCAMIENTO,09/04/2020 12:00:00 AM,VIVIENDA,HOGAR
"2,020",09/14/2020 12:00:00 AM,21,AÑOS,FEMENINO,CABECERA MUNICIPAL,TRIUNFO,NO ASEGURADO,1,HETEROSEXUAL,FEMENINO,NO,NO,NO,NO,MASCULINO,PAREJA,SI,NO,AHORCAMIENTO,09/07/2020 12:00:00 AM,VIVIENDA,HOGAR
"2,020",09/16/2020 12:00:00 AM,29,AÑOS,FEMENINO,CABECERA MUNICIPAL,BOLIVAR,SUBSIDIADO,2,HETEROSEXUAL,FEMENINO,NO,NO,NO,NO,MASCULINO,PAREJA,NO,NO,CONTUNDENTE,09/16/2020 12:00:00 AM,VIVIENDA,HOGAR
"2,020",09/16/2020 12:00:00 AM,47,AÑOS,FEMENINO,CABECERA MUNICIPAL,REMANSOS DE LA SABANA,EXCEPTUADO,4,HETEROSEXUAL,FEMENINO,NO,NO,NO,NO,FEMENINO,NINGUNO,NO,VECINO(A),CONTUNDENTE,09/16/2020 12:00:00 AM,VÍA PUBLICA,COMUNITARIO
"2,020",09/17/2020 12:00:00 AM,30,AÑOS,FEMENINO,CABECERA MUNICIPAL,SAN FRANCISCO,CONTRIBUTIVO,2,HETEROSEXUAL,FEMENINO,NO,SI,SI,NO,MASCULINO,PAREJA,NO,NO,OTROS MECANISMOS,06/04/2020 12:00:00 AM,VIVIENDA,HOGAR
"2,020",09/19/2020 12:00:00 AM,18,AÑOS,FEMENINO,CABECERA MUNICIPAL,CORTIJO,SUBSIDIADO,1,HETEROSEXUAL,FEMENINO,SI,NO,SI,SI,MASCULINO,PAREJA,SI,NO,OTROS MECANISMOS,09/01/2020 12:00:00 AM,VIVIENDA,HOGAR
"2,020",09/19/2020 12:00:00 AM,28,AÑOS,FEMENINO,CABECERA MUNICIPAL,CIUDADELA PINOS DE ORIENTE,SUBSIDIADO,1,ASEXUAL,FEMENINO,NO,NO,NO,NO,FEMENINO,FAMILIAR,SI,NO,CONTUNDENTE,09/13/2020 12:00:00 AM,VIVIENDA,HOGAR
"2,020",09/19/2020 12:00:00 AM,39,AÑOS,FEMENINO,CABECERA MUNICIPAL,SAN FRANCISCO,SUBSIDIADO,1,HETEROSEXUAL,FEMENINO,NO,NO,SI,SI,MASCULINO,FAMILIAR,NO,NO,OTROS MECANISMOS,09/13/2020 12:00:00 AM,VIVIENDA,HOGAR
"2,020",09/19/2020 12:00:00 AM,46,AÑOS,FEMENINO,CABECERA MUNICIPAL,BOLIVAR,SUBSIDIADO,2,HETEROSEXUAL,FEMENINO,NO,SI,SI,NO,MASCULINO,PAREJA,SI,NO,OTROS MECANISMOS,09/19/2020 12:00:00 AM,VIVIENDA,HOGAR
"2,020",09/19/2020 12:00:00 AM,42,AÑOS,FEMENINO,CABECERA MUNICIPAL,EL DORADO,SUBSIDIADO,1,HETEROSEXUAL,FEMENINO,NO,NO,NO,NO,MASCULINO,FAMILIAR,NO,NO,OTROS MECANISMOS,09/15/2020 12:00:00 AM,VIVIENDA,HOGAR
"2,020",09/20/2020 12:00:00 AM,20,AÑOS,MASCULINO,CABECERA MUNICIPAL,CENTRO,CONTRIBUTIVO,3,HETEROSEXUAL,MASCULINO,NO,NO,NO,NO,MASCULINO,NINGUNO,NO,DESCONOCIDO,OTROS MECANISMOS,09/20/2020 12:00:00 AM,VÍA PUBLICA,COMUNITARIO
"2,020",09/21/2020 12:00:00 AM,35,AÑOS,FEMENINO,CABECERA MUNICIPAL,CUIDAD JARDÍN,CONTRIBUTIVO,1,HETEROSEXUAL,FEMENINO,NO,SI,SI,NO,MASCULINO,PAREJA,SI,NO,CONTUNDENTE,09/17/2020 12:00:00 AM,VIVIENDA,HOGAR
"2,020",09/21/2020 12:00:00 AM,44,AÑOS,FEMENINO,CABECERA MUNICIPAL,LIBERTADOR,CONTRIBUTIVO,2,HETEROSEXUAL,TRANSGENERO,NO,NO,NO,NO,MASCULINO,EX PAREJA,NO,NO,CONTUNDENTE,09/15/2020 12:00:00 AM,VIVIENDA,HOGAR
"2,020",09/25/2020 12:00:00 AM,31,AÑOS,FEMENINO,CABECERA MUNICIPAL,EL DORADO,NO ASEGURADO,1,HETEROSEXUAL,FEMENINO,NO,NO,NO,NO,MASCULINO,EX PAREJA,NO,NO,CAIDAS,09/24/2020 12:00:00 AM,VIVIENDA,COMUNITARIO
"2,020",09/26/2020 12:00:00 AM,58,AÑOS,FEMENINO,CABECERA MUNICIPAL,20 DE JULIO,SUBSIDIADO,1,HETEROSEXUAL,FEMENINO,NO,NO,SI,NO,MASCULINO,EX PAREJA,NO,NO,OTROS MECANISMOS,09/02/2020 12:00:00 AM,VIVIENDA,HOGAR
"2,020",09/28/2020 12:00:00 AM,33,AÑOS,FEMENINO,CABECERA MUNICIPAL,LIBERTADOR,CONTRIBUTIVO,2,HETEROSEXUAL,FEMENINO,NO,NO,NO,NO,MASCULINO,EX PAREJA,NO,NO,CONTUNDENTE,09/27/2020 12:00:00 AM,VIVIENDA,HOGAR
"2,020",09/29/2020 12:00:00 AM,34,AÑOS,FEMENINO,CABECERA MUNICIPAL,SUAMOX,SUBSIDIADO,2,HETEROSEXUAL,FEMENINO,NO,NO,NO,NO,MASCULINO,EX PAREJA,NO,NO,AHORCAMIENTO,09/28/2020 12:00:00 AM,VIVIENDA,HOGAR
"2,020",09/30/2020 12:00:00 AM,29,AÑOS,FEMENINO,CABECERA MUNICIPAL,ASIS BOYACENSE,CONTRIBUTIVO,2,HETEROSEXUAL,FEMENINO,NO,SI,SI,NO,MASCULINO,PAREJA,SI,NO,CONTUNDENTE,09/29/2020 12:00:00 AM,VIVIENDA,HOGAR
"2,020",10/01/2020 12:00:00 AM,64,AÑOS,FEMENINO,CABECERA MUNICIPAL,LOS MUISCAS,SUBSIDIADO,3,HETEROSEXUAL,FEMENINO,NO,NO,SI,NO,MASCULINO,PAREJA,SI,NO,CONTUNDENTE,10/01/2020 12:00:00 AM,VIVIENDA,HOGAR
"2,020",10/03/2020 12:00:00 AM,25,AÑOS,FEMENINO,CABECERA MUNICIPAL,FLORENCIA,SUBSIDIADO,1,HETEROSEXUAL,FEMENINO,NO,SI,SI,NO,MASCULINO,PAREJA,SI,NO,CONTUNDENTE,09/28/2020 12:00:00 AM,VIVIENDA,HOGAR
"2,020",10/04/2020 12:00:00 AM,82,AÑOS,FEMENINO,CABECERA MUNICIPAL,SANTIAGO DE TUNJA,SUBSIDIADO,3,HETEROSEXUAL,FEMENINO,NO,NO,NO,NO,MASCULINO,FAMILIAR,SI,NO,CAIDAS,10/04/2020 12:00:00 AM,VIVIENDA,HOGAR
"2,020",10/05/2020 12:00:00 AM,43,AÑOS,FEMENINO,CABECERA MUNICIPAL,PEÑITAS,SUBSIDIADO,1,HETEROSEXUAL,FEMENINO,NO,NO,NO,NO,MASCULINO,NINGUNO,NO,SIN INFORMACION,CONTUNDENTE,10/03/2020 12:00:00 AM,VIVIENDA,HOGAR
"2,020",10/05/2020 12:00:00 AM,31,AÑOS,FEMENINO,CABECERA MUNICIPAL,BOLIVAR,SUBSIDIADO,1,HETEROSEXUAL,MASCULINO,NO,NO,SI,NO,MASCULINO,EX PAREJA,SI,NO,CONTUNDENTE,10/03/2020 12:00:00 AM,VIVIENDA,HOGAR
"2,020",10/05/2020 12:00:00 AM,15,AÑOS,FEMENINO,CABECERA MUNICIPAL,LIBERTADOR,SUBSIDIADO,2,HETEROSEXUAL,FEMENINO,NO,NO,NO,NO,MASCULINO,NINGUNO,SI,OTRO,OTROS MECANISMOS,08/05/2020 12:00:00 AM,VIVIENDA,HOGAR
"2,020",10/09/2020 12:00:00 AM,40,AÑOS,FEMENINO,CABECERA MUNICIPAL,LA FUENTE,SUBSIDIADO,2,BISEXUAL,FEMENINO,NO,NO,NO,NO,MASCULINO,NINGUNO,NO,DESCONOCIDO,OTROS MECANISMOS,10/08/2020 12:00:00 AM,VÍA PUBLICA,OTROS AMBITOS
"2,020",10/10/2020 12:00:00 AM,31,AÑOS,FEMENINO,CABECERA MUNICIPAL,ANTONIA SANTOS,SUBSIDIADO,1,HETEROSEXUAL,FEMENINO,NO,NO,NO,NO,MASCULINO,PAREJA,SI,NO,CONTUNDENTE,10/10/2020 12:00:00 AM,VÍA PUBLICA,HOGAR
"2,020",10/10/2020 12:00:00 AM,29,AÑOS,FEMENINO,CABECERA MUNICIPAL,ALTOS DEL PARAISO,SUBSIDIADO,1,HETEROSEXUAL,FEMENINO,NO,NO,SI,NO,MASCULINO,PAREJA,NO,NO,CONTUNDENTE,10/10/2020 12:00:00 AM,VIVIENDA,HOGAR
"2,020",10/10/2020 12:00:00 AM,22,AÑOS,FEMENINO,CABECERA MUNICIPAL,ASIS BOYACENSE,CONTRIBUTIVO,1,HETEROSEXUAL,FEMENINO,NO,NO,NO,NO,FEMENINO,FAMILIAR,NO,NO,CONTUNDENTE,10/01/2020 12:00:00 AM,VIVIENDA,HOGAR
"2,020",10/10/2020 12:00:00 AM,1,MESES,FEMENINO,CABECERA MUNICIPAL,LIBERTADOR,SUBSIDIADO,1,ASEXUAL,FEMENINO,NO,NO,NO,NO,FEMENINO,MADRE,NO,NO,OTROS MECANISMOS,10/08/2020 12:00:00 AM,VIVIENDA,OTROS AMBITOS
"2,020",10/10/2020 12:00:00 AM,10,AÑOS,FEMENINO,CABECERA MUNICIPAL,SANTIAGO DE TUNJA,CONTRIBUTIVO,2,HETEROSEXUAL,FEMENINO,NO,NO,SI,NO,MASCULINO,NINGUNO,NO,SIN INFORMACION,OTROS MECANISMOS,08/02/2020 12:00:00 AM,VIVIENDA,HOGAR
"2,020",10/15/2020 12:00:00 AM,13,AÑOS,FEMENINO,RURAL DISPERSO,VEREDA LA HOYA,SUBSIDIADO,1,HETEROSEXUAL,FEMENINO,NO,NO,NO,NO,FEMENINO,MADRE,SI,NO,CONTUNDENTE,10/15/2020 12:00:00 AM,VIVIENDA,HOGAR
"2,020",10/15/2020 12:00:00 AM,14,AÑOS,FEMENINO,CABECERA MUNICIPAL,VILLAS DEL NORTE,CONTRIBUTIVO,2,HETEROSEXUAL,FEMENINO,NO,NO,NO,NO,MASCULINO,FAMILIAR,NO,NO,OTROS MECANISMOS,01/01/2020 12:00:00 AM,VIVIENDA,HOGAR
"2,020",10/17/2020 12:00:00 AM,19,AÑOS,FEMENINO,CABECERA MUNICIPAL,PATRIOTAS,SUBSIDIADO,1,HETEROSEXUAL,FEMENINO,NO,NO,NO,NO,MASCULINO,FAMILIAR,NO,NO,CONTUNDENTE,10/15/2020 12:00:00 AM,VIVIENDA,HOGAR
"2,020",10/17/2020 12:00:00 AM,32,AÑOS,MASCULINO,CABECERA MUNICIPAL,SANTA MARTA,CONTRIBUTIVO,2,HETEROSEXUAL,MASCULINO,NO,SI,NO,SI,MASCULINO,FAMILIAR,SI,NO,CONTUNDENTE,10/11/2020 12:00:00 AM,VIVIENDA,HOGAR
"2,020",10/17/2020 12:00:00 AM,28,AÑOS,FEMENINO,CABECERA MUNICIPAL,BOLIVAR,SUBSIDIADO,2,HETEROSEXUAL,FEMENINO,NO,SI,SI,SI,MASCULINO,EX PAREJA,NO,NO,OTROS MECANISMOS,10/11/2020 12:00:00 AM,VIVIENDA,HOGAR
"2,020",10/17/2020 12:00:00 AM,21,AÑOS,FEMENINO,CABECERA MUNICIPAL,DOÑA EVA,EXCEPTUADO,2,HETEROSEXUAL,FEMENINO,NO,NO,NO,SI,MASCULINO,NINGUNO,NO,DESCONOCIDO,OTROS MECANISMOS,10/17/2020 12:00:00 AM,OTRO,OTROS AMBITOS
"2,020",10/17/2020 12:00:00 AM,37,AÑOS,FEMENINO,CABECERA MUNICIPAL,SAN CARLOS,CONTRIBUTIVO,1,HETEROSEXUAL,FEMENINO,NO,NO,SI,NO,MASCULINO,EX PAREJA,SI,NO,OTROS MECANISMOS,09/29/2020 12:00:00 AM,VIVIENDA,HOGAR
"2,020",10/17/2020 12:00:00 AM,19,AÑOS,FEMENINO,CABECERA MUNICIPAL,CURUBAL,NO ASEGURADO,1,HETEROSEXUAL,FEMENINO,NO,NO,SI,NO,MASCULINO,PAREJA,SI,NO,CONTUNDENTE,10/17/2020 12:00:00 AM,VIVIENDA,HOGAR
"2,020",10/18/2020 12:00:00 AM,37,AÑOS,FEMENINO,CABECERA MUNICIPAL,ALTAMIRA,SUBSIDIADO,2,HETEROSEXUAL,FEMENINO,NO,NO,NO,NO,MASCULINO,FAMILIAR,SI,NO,CONTUNDENTE,10/18/2020 12:00:00 AM,VIVIENDA,HOGAR
"2,020",10/20/2020 12:00:00 AM,23,AÑOS,FEMENINO,CABECERA MUNICIPAL,CURUBAL,CONTRIBUTIVO,3,HETEROSEXUAL,FEMENINO,NO,NO,NO,NO,MASCULINO,PAREJA,SI,NO,CONTUNDENTE,10/15/2020 12:00:00 AM,VIVIENDA,HOGAR
"2,020",10/21/2020 12:00:00 AM,41,AÑOS,FEMENINO,CABECERA MUNICIPAL,MALDONADO,CONTRIBUTIVO,1,HETEROSEXUAL,FEMENINO,NO,NO,SI,NO,MASCULINO,EX PAREJA,NO,NO,OTROS MECANISMOS,09/20/2020 12:00:00 AM,VÍA PUBLICA,OTROS AMBITOS
"2,020",10/21/2020 12:00:00 AM,42,AÑOS,MASCULINO,CABECERA MUNICIPAL,CENTRO,CONTRIBUTIVO,2,HETEROSEXUAL,MASCULINO,NO,NO,NO,SI,FEMENINO,PAREJA,SI,NO,OTROS MECANISMOS,10/21/2020 12:00:00 AM,VIVIENDA,HOGAR
"2,020",10/24/2020 12:00:00 AM,23,AÑOS,FEMENINO,CABECERA MUNICIPAL,SAN FRANCISCO,SUBSIDIADO,2,HETEROSEXUAL,FEMENINO,NO,NO,SI,SI,MASCULINO,EX PAREJA,NO,NO,AHORCAMIENTO,10/22/2020 12:00:00 AM,VIVIENDA,HOGAR
"2,020",10/24/2020 12:00:00 AM,36,AÑOS,FEMENINO,CABECERA MUNICIPAL,LOS MUISCAS,SUBSIDIADO,2,HETEROSEXUAL,FEMENINO,NO,NO,NO,NO,MASCULINO,PAREJA,SI,NO,AHORCAMIENTO,10/21/2020 12:00:00 AM,VIVIENDA,HOGAR
"2,020",10/24/2020 12:00:00 AM,5,AÑOS,FEMENINO,CABECERA MUNICIPAL,ALTAMIRA,SUBSIDIADO,1,HETEROSEXUAL,FEMENINO,NO,NO,NO,NO,FEMENINO,NINGUNO,NO,DESCONOCIDO,CONTUNDENTE,09/20/2020 12:00:00 AM,VIVIENDA,HOGAR
"2,020",10/24/2020 12:00:00 AM,11,AÑOS,MASCULINO,CABECERA MUNICIPAL,VILLAS DEL NORTE,SUBSIDIADO,2,HETEROSEXUAL,MASCULINO,NO,NO,NO,NO,MASCULINO,PADRE,SI,NO,CONTUNDENTE,10/23/2020 12:00:00 AM,VIVIENDA,HOGAR
"2,020",10/24/2020 12:00:00 AM,9,AÑOS,MASCULINO,CABECERA MUNICIPAL,VILLAS DEL NORTE,SUBSIDIADO,2,HETEROSEXUAL,MASCULINO,NO,NO,NO,NO,MASCULINO,PADRE,SI,NO,CONTUNDENTE,10/23/2020 12:00:00 AM,VIVIENDA,HOGAR
"2,020",10/30/2020 12:00:00 AM,22,AÑOS,MASCULINO,CABECERA MUNICIPAL,LAS NIEVES,EXCEPTUADO,2,HETEROSEXUAL,MASCULINO,NO,NO,NO,NO,MASCULINO,NINGUNO,NO,OTRO,OTROS MECANISMOS,07/07/2020 12:00:00 AM,VIVIENDA,HOGAR
"2,020",10/31/2020 12:00:00 AM,46,AÑOS,FEMENINO,CABECERA MUNICIPAL,JORDAN,SUBSIDIADO,2,HETEROSEXUAL,FEMENINO,NO,NO,NO,NO,MASCULINO,PAREJA,SI,NO,CONTUNDENTE,10/27/2020 12:00:00 AM,VIVIENDA,HOGAR
"2,020",10/31/2020 12:00:00 AM,46,AÑOS,FEMENINO,CABECERA MUNICIPAL,PATRIOTAS,SUBSIDIADO,2,HETEROSEXUAL,FEMENINO,NO,SI,SI,NO,MASCULINO,EX PAREJA,NO,NO,CONTUNDENTE,10/25/2020 12:00:00 AM,VIVIENDA,HOGAR
"2,020",10/31/2020 12:00:00 AM,40,AÑOS,MASCULINO,CABECERA MUNICIPAL,SAN FRANCISCO,SUBSIDIADO,1,HOMOSEXUAL,FEMENINO,NO,NO,NO,NO,FEMENINO,EX PAREJA,NO,NO,CONTUNDENTE,10/25/2020 12:00:00 AM,VIVIENDA,HOGAR
"2,020",10/31/2020 12:00:00 AM,17,AÑOS,FEMENINO,CABECERA MUNICIPAL,VILLA BACHUE,CONTRIBUTIVO,3,HETEROSEXUAL,FEMENINO,NO,NO,SI,NO,MASCULINO,FAMILIAR,SI,NO,CONTUNDENTE,10/26/2020 12:00:00 AM,VIVIENDA,HOGAR
"2,020",10/31/2020 12:00:00 AM,17,AÑOS,FEMENINO,CABECERA MUNICIPAL,PATRIOTAS,SUBSIDIADO,2,HETEROSEXUAL,FEMENINO,NO,NO,SI,NO,MASCULINO,PADRE,NO,NO,CONTUNDENTE,10/25/2020 12:00:00 AM,VIVIENDA,HOGAR
"2,020",10/31/2020 12:00:00 AM,17,AÑOS,FEMENINO,CABECERA MUNICIPAL,PATRIOTAS,SUBSIDIADO,2,HETEROSEXUAL,FEMENINO,NO,NO,SI,NO,MASCULINO,PADRE,NO,NO,CONTUNDENTE,10/25/2020 12:00:00 AM,VIVIENDA,HOGAR
"2,020",11/03/2020 12:00:00 AM,10,MESES,FEMENINO,CABECERA MUNICIPAL,SANTA RITA,NO ASEGURADO,1,ASEXUAL,FEMENINO,NO,NO,NO,NO,FEMENINO,MADRE,SI,NO,OTROS MECANISMOS,11/03/2020 12:00:00 AM,VIVIENDA,HOGAR
"2,020",11/05/2020 12:00:00 AM,50,AÑOS,MASCULINO,CABECERA MUNICIPAL,EL TRIUNFO,CONTRIBUTIVO,3,HETEROSEXUAL,MASCULINO,NO,SI,NO,NO,MASCULINO,FAMILIAR,SI,NO,CONTUNDENTE,11/03/2020 12:00:00 AM,VIVIENDA,HOGAR
"2,020",11/05/2020 12:00:00 AM,6,AÑOS,FEMENINO,CABECERA MUNICIPAL,SURINAMA,SUBSIDIADO,2,HETEROSEXUAL,FEMENINO,NO,NO,NO,NO,MASCULINO,FAMILIAR,NO,NO,OTROS MECANISMOS,03/01/2020 12:00:00 AM,VIVIENDA,HOGAR
"2,020",11/06/2020 12:00:00 AM,6,AÑOS,FEMENINO,CABECERA MUNICIPAL,ESTANCIA EL ROBLE,CONTRIBUTIVO,3,HETEROSEXUAL,FEMENINO,NO,NO,NO,NO,MASCULINO,FAMILIAR,NO,NO,OTROS MECANISMOS,11/06/2020 12:00:00 AM,VIVIENDA,OTROS AMBITOS
"2,020",11/07/2020 12:00:00 AM,38,AÑOS,FEMENINO,CABECERA MUNICIPAL,ALTAMIRA,SUBSIDIADO,1,HETEROSEXUAL,FEMENINO,NO,SI,SI,SI,MASCULINO,PAREJA,SI,NO,CONTUNDENTE,11/07/2020 12:00:00 AM,VIVIENDA,HOGAR
"2,020",11/07/2020 12:00:00 AM,26,AÑOS,FEMENINO,CABECERA MUNICIPAL,SAN FRANCISCO,NO ASEGURADO,1,HETEROSEXUAL,FEMENINO,NO,SI,SI,NO,MASCULINO,PAREJA,SI,NO,CONTUNDENTE,11/07/2020 12:00:00 AM,VIVIENDA,HOGAR
"2,020",11/07/2020 12:00:00 AM,7,AÑOS,MASCULINO,CABECERA MUNICIPAL,CUIDAD JARDÍN,SUBSIDIADO,1,HETEROSEXUAL,MASCULINO,NO,NO,NO,NO,FEMENINO,FAMILIAR,SI,NO,CONTUNDENTE,11/01/2020 12:00:00 AM,VIVIENDA,HOGAR
"2,020",11/08/2020 12:00:00 AM,25,AÑOS,FEMENINO,CABECERA MUNICIPAL,ALCALA REAL,CONTRIBUTIVO,4,HETEROSEXUAL,FEMENINO,NO,SI,SI,NO,MASCULINO,PAREJA,NO,NO,CONTUNDENTE,11/07/2020 12:00:00 AM,VIVIENDA,HOGAR
"2,020",11/10/2020 12:00:00 AM,52,AÑOS,FEMENINO,CABECERA MUNICIPAL,PATRIOTAS,EXCEPTUADO,2,HETEROSEXUAL,FEMENINO,NO,NO,NO,NO,MASCULINO,PAREJA,SI,NO,OTROS MECANISMOS,10/22/2020 12:00:00 AM,VIVIENDA,HOGAR
"2,020",11/13/2020 12:00:00 AM,11,AÑOS,FEMENINO,CABECERA MUNICIPAL,SANTIAGO DE TUNJA,SUBSIDIADO,2,HETEROSEXUAL,FEMENINO,NO,NO,NO,NO,MASCULINO,FAMILIAR,SI,NO,OTROS MECANISMOS,10/01/2020 12:00:00 AM,VIVIENDA,HOGAR
"2,020",11/14/2020 12:00:00 AM,20,AÑOS,FEMENINO,CABECERA MUNICIPAL,DOÑA EVA,SUBSIDIADO,2,HETEROSEXUAL,FEMENINO,NO,NO,SI,NO,FEMENINO,MADRE,NO,NO,OTROS MECANISMOS,11/08/2020 12:00:00 AM,VIVIENDA,HOGAR
"2,020",11/14/2020 12:00:00 AM,25,AÑOS,FEMENINO,CABECERA MUNICIPAL,JORDAN,SUBSIDIADO,1,HETEROSEXUAL,FEMENINO,NO,NO,NO,NO,MASCULINO,PAREJA,SI,NO,CONTUNDENTE,11/13/2020 12:00:00 AM,VIVIENDA,HOGAR
"2,020",11/14/2020 12:00:00 AM,27,AÑOS,FEMENINO,CABECERA MUNICIPAL,RUNTA ABAJO,SUBSIDIADO,1,HETEROSEXUAL,FEMENINO,NO,NO,SI,SI,MASCULINO,PAREJA,SI,NO,CONTUNDENTE,11/14/2020 12:00:00 AM,VIVIENDA,HOGAR
"2,020",11/14/2020 12:00:00 AM,22,AÑOS,FEMENINO,CABECERA MUNICIPAL,ASIS BOYACENSE,CONTRIBUTIVO,2,HETEROSEXUAL,FEMENINO,NO,NO,SI,SI,MASCULINO,PAREJA,SI,NO,CONTUNDENTE,11/11/2020 12:00:00 AM,VIVIENDA,HOGAR
"2,020",11/14/2020 12:00:00 AM,45,AÑOS,FEMENINO,CABECERA MUNICIPAL,EL CONSUELO,SUBSIDIADO,2,HETEROSEXUAL,FEMENINO,NO,SI,SI,NO,MASCULINO,FAMILIAR,NO,NO,CONTUNDENTE,11/14/2020 12:00:00 AM,VIVIENDA,HOGAR
"2,020",11/14/2020 12:00:00 AM,36,AÑOS,FEMENINO,CABECERA MUNICIPAL,VILLA LUZ,EXCEPTUADO,3,HETEROSEXUAL,FEMENINO,NO,SI,SI,NO,MASCULINO,FAMILIAR,SI,NO,OTROS MECANISMOS,11/14/2020 12:00:00 AM,VIVIENDA,HOGAR
"2,020",11/15/2020 12:00:00 AM,10,AÑOS,FEMENINO,CABECERA MUNICIPAL,CUIDAD JARDÍN,NO ASEGURADO,1,HETEROSEXUAL,FEMENINO,NO,NO,NO,NO,MASCULINO,NINGUNO,NO,OTRO,OTROS MECANISMOS,11/07/2020 12:00:00 AM,VIVIENDA,HOGAR
"2,020",11/15/2020 12:00:00 AM,36,AÑOS,FEMENINO,CABECERA MUNICIPAL,SAN CARLOS,SUBSIDIADO,2,HETEROSEXUAL,FEMENINO,NO,NO,NO,NO,MASCULINO,PAREJA,SI,NO,CONTUNDENTE,11/14/2020 12:00:00 AM,VIVIENDA,HOGAR
"2,020",11/17/2020 12:00:00 AM,7,AÑOS,FEMENINO,CABECERA MUNICIPAL,EL LIBERTADOR,SUBSIDIADO,2,HETEROSEXUAL,FEMENINO,NO,NO,NO,NO,MASCULINO,FAMILIAR,NO,NO,OTROS MECANISMOS,11/16/2020 12:00:00 AM,VIVIENDA,HOGAR
"2,020",11/18/2020 12:00:00 AM,16,AÑOS,FEMENINO,CABECERA MUNICIPAL,DOÑA EVA,CONTRIBUTIVO,2,HETEROSEXUAL,FEMENINO,NO,NO,NO,NO,MASCULINO,NINGUNO,NO,OTRO,OTROS MECANISMOS,11/18/2020 12:00:00 AM,VÍA PUBLICA,COMUNITARIO
"2,020",11/19/2020 12:00:00 AM,27,AÑOS,FEMENINO,CABECERA MUNICIPAL,CONCEPCION,CONTRIBUTIVO,2,HETEROSEXUAL,FEMENINO,NO,SI,NO,NO,MASCULINO,PAREJA,NO,NO,CONTUNDENTE,11/14/2020 12:00:00 AM,VIVIENDA,HOGAR
"2,020",11/20/2020 12:00:00 AM,31,AÑOS,FEMENINO,CABECERA MUNICIPAL,CENTRO,CONTRIBUTIVO,3,HETEROSEXUAL,FEMENINO,NO,NO,NO,NO,MASCULINO,PAREJA,SI,NO,CONTUNDENTE,11/20/2020 12:00:00 AM,VIVIENDA,HOGAR
"2,020",11/21/2020 12:00:00 AM,33,AÑOS,FEMENINO,CABECERA MUNICIPAL,COOSERVICIOS,SUBSIDIADO,1,HETEROSEXUAL,FEMENINO,NO,NO,NO,NO,MASCULINO,FAMILIAR,NO,NO,CORTANTE,11/18/2020 12:00:00 AM,VIVIENDA,HOGAR
"2,020",11/21/2020 12:00:00 AM,22,AÑOS,FEMENINO,CABECERA MUNICIPAL,LIBERTADOR,SUBSIDIADO,2,HETEROSEXUAL,FEMENINO,NO,NO,SI,NO,MASCULINO,PAREJA,SI,NO,CORTANTE,11/19/2020 12:00:00 AM,VIVIENDA,HOGAR
"2,020",11/21/2020 12:00:00 AM,75,AÑOS,MASCULINO,CABECERA MUNICIPAL,CENTRO,SUBSIDIADO,1,HETEROSEXUAL,MASCULINO,NO,NO,NO,NO,FEMENINO,FAMILIAR,NO,NO,OTROS MECANISMOS,11/20/2020 12:00:00 AM,VIVIENDA,HOGAR
"2,020",11/21/2020 12:00:00 AM,35,AÑOS,FEMENINO,CABECERA MUNICIPAL,MANZANAREZ,SUBSIDIADO,2,HETEROSEXUAL,FEMENINO,NO,SI,SI,SI,FEMENINO,FAMILIAR,SI,NO,CONTUNDENTE,11/16/2020 12:00:00 AM,VIVIENDA,HOGAR
"2,020",11/21/2020 12:00:00 AM,66,AÑOS,FEMENINO,CABECERA MUNICIPAL,CIUDADELA SOL DE ORIENTE,SUBSIDIADO,1,HETEROSEXUAL,FEMENINO,NO,NO,NO,NO,MASCULINO,NINGUNO,NO,VECINO(A),CONTUNDENTE,11/20/2020 12:00:00 AM,VIVIENDA,COMUNITARIO
"2,020",11/21/2020 12:00:00 AM,43,AÑOS,FEMENINO,CABECERA MUNICIPAL,ESTANCIA EL ROBLE,CONTRIBUTIVO,2,HETEROSEXUAL,FEMENINO,NO,SI,SI,NO,MASCULINO,EX PAREJA,NO,NO,OTROS MECANISMOS,11/16/2020 12:00:00 AM,VIVIENDA,HOGAR
"2,020",11/21/2020 12:00:00 AM,40,AÑOS,FEMENINO,CABECERA MUNICIPAL,EL DORADO,EXCEPTUADO,2,HETEROSEXUAL,FEMENINO,NO,NO,SI,SI,MASCULINO,PAREJA,SI,NO,OTROS MECANISMOS,11/17/2020 12:00:00 AM,VIVIENDA,HOGAR
"2,020",11/21/2020 12:00:00 AM,44,AÑOS,FEMENINO,CABECERA MUNICIPAL,ASIS BOYACENSE,SUBSIDIADO,2,HETEROSEXUAL,FEMENINO,NO,NO,SI,NO,MASCULINO,PAREJA,SI,NO,CONTUNDENTE,11/20/2020 12:00:00 AM,VIVIENDA,HOGAR
"2,020",11/21/2020 12:00:00 AM,42,AÑOS,FEMENINO,CABECERA MUNICIPAL,CENTRO,NO ASEGURADO,1,HETEROSEXUAL,FEMENINO,NO,SI,SI,NO,MASCULINO,PAREJA,SI,NO,CONTUNDENTE,11/17/2020 12:00:00 AM,VIVIENDA,HOGAR
"2,020",11/21/2020 12:00:00 AM,9,AÑOS,FEMENINO,CABECERA MUNICIPAL,MALDONADO,CONTRIBUTIVO,2,HETEROSEXUAL,FEMENINO,NO,NO,NO,NO,MASCULINO,FAMILIAR,SI,NO,CONTUNDENTE,11/21/2020 12:00:00 AM,VIVIENDA,HOGAR
"2,020",11/21/2020 12:00:00 AM,10,AÑOS,MASCULINO,CABECERA MUNICIPAL,ASIS BOYACENSE,SUBSIDIADO,2,HETEROSEXUAL,MASCULINO,NO,NO,SI,NO,MASCULINO,FAMILIAR,SI,NO,CONTUNDENTE,11/20/2020 12:00:00 AM,VIVIENDA,OTROS AMBITOS
"2,020",11/23/2020 12:00:00 AM,8,MESES,FEMENINO,CABECERA MUNICIPAL,EL CONSUELO,SUBSIDIADO,1,ASEXUAL,FEMENINO,NO,NO,NO,NO,MASCULINO,NINGUNO,SI,OTRO,CONTUNDENTE,11/23/2020 12:00:00 AM,VIVIENDA,HOGAR
"2,020",11/24/2020 12:00:00 AM,12,AÑOS,FEMENINO,RURAL DISPERSO,VEREDA RUNTA ARRIBA,SUBSIDIADO,1,HETEROSEXUAL,FEMENINO,NO,NO,NO,NO,MASCULINO,PAREJA,NO,NO,OTROS MECANISMOS,11/23/2020 12:00:00 AM,OTRO,OTROS AMBITOS
